timestamp,device_id,N,P,K,temperature,humidity,ph,rainfall,soil_moisture
2025-11-07T09:15:36.534866,device-01,47,77,28,30.0,60.0,8.3,26.6,0.0
2025-11-07T09:15:39.538694,device-01,34,140,107,30.0,60.0,6.8,44.5,0.0
2025-11-07T09:15:42.547573,device-01,76,30,183,30.0,60.0,5.6,150.3,0.0
2025-11-07T09:15:45.561830,device-01,9,25,69,30.0,60.0,5.8,84.3,0.0
2025-11-07T09:15:48.567701,device-01,46,29,69,30.0,60.0,5.5,76.8,0.0
2025-11-07T09:15:51.572500,device-01,26,140,108,30.0,60.0,6.1,107.1,0.0
2025-11-07T09:15:54.592026,device-01,17,91,150,30.0,60.0,4.9,242.4,0.0
2025-11-07T09:15:57.607063,device-01,11,89,178,30.0,60.0,6.6,115.3,0.0
2025-11-07T09:16:00.619649,device-01,13,84,103,30.0,60.0,5.5,242.4,0.0
2025-11-07T09:16:03.630149,device-01,0,21,75,30.0,60.0,7.2,228.7,0.0
2025-11-07T09:16:06.634872,device-01,127,125,65,30.0,60.0,6.5,93.0,0.0
2025-11-07T09:16:09.642125,device-01,57,47,114,30.0,60.0,4.9,106.2,0.0
2025-11-07T09:16:12.653553,device-01,7,104,80,30.0,60.0,5.6,189.4,0.0
2025-11-07T09:16:15.669537,device-01,116,137,12,30.0,60.0,8.5,203.6,0.0
2025-11-07T09:16:18.687228,device-01,74,12,142,30.0,60.0,6.7,61.2,0.0
2025-11-07T09:16:21.693897,device-01,108,26,134,30.0,60.0,8.3,67.9,0.0
2025-11-07T09:16:24.708496,device-01,84,134,11,30.0,60.0,7.9,6.0,0.0
2025-11-07T09:16:27.720424,device-01,88,22,19,30.0,60.0,6.5,171.6,0.0
2025-11-07T09:16:30.735401,device-01,89,8,129,30.0,60.0,7.0,137.2,0.0
2025-11-07T09:16:33.749445,device-01,64,86,29,30.0,60.0,6.5,35.9,0.0
2025-11-07T09:16:36.759816,device-01,67,87,70,30.0,60.0,5.3,80.4,0.0
2025-11-07T09:16:39.770515,device-01,129,70,39,30.0,60.0,7.6,142.0,0.0
2025-11-07T09:16:42.780549,device-01,35,92,79,30.1,60.0,5.9,31.7,0.0
2025-11-07T09:16:45.798415,device-01,0,106,78,30.1,60.0,5.8,214.1,0.0
2025-11-07T09:16:48.816543,device-01,113,117,136,30.1,60.0,5.5,124.7,0.0
2025-11-07T09:16:51.826253,device-01,27,95,14,30.1,60.0,6.0,228.6,0.0
2025-11-07T09:16:54.834058,device-01,10,103,36,30.1,60.0,8.4,38.6,0.0
2025-11-07T09:16:57.836625,device-01,24,23,184,30.1,60.0,6.9,22.7,0.0
2025-11-07T10:11:55.573424,device-01,73,72,15,29.8,56.0,7.8,134.2,0.0
2025-11-07T10:11:58.579906,device-01,3,116,63,29.8,56.0,7.5,136.7,0.0
2025-11-07T10:12:01.585227,device-01,107,15,14,29.8,56.0,7.6,175.1,0.0
2025-11-07T10:12:04.589314,device-01,101,118,146,29.8,56.0,6.6,183.7,0.0
2025-11-07T10:12:07.602946,device-01,103,125,110,29.8,56.0,7.3,71.9,0.0
2025-11-07T10:12:10.609112,device-01,140,13,184,29.8,56.0,8.1,203.1,0.0
2025-11-07T10:12:13.615315,device-01,64,70,110,29.8,56.0,7.1,147.5,0.0
2025-11-07T10:12:16.626130,device-01,96,18,182,29.8,56.0,7.5,165.4,0.0
2025-11-07T10:12:19.643454,device-01,103,126,113,29.8,56.0,7.6,89.4,0.0
2025-11-07T10:12:22.649029,device-01,93,137,53,29.8,56.0,7.2,235.5,0.0
2025-11-07T10:12:25.652422,device-01,86,64,63,29.8,56.0,6.5,52.2,0.0
2025-11-07T10:12:28.661288,device-01,65,82,7,29.8,56.0,5.5,12.5,0.0
2025-11-07T10:12:31.665262,device-01,27,21,90,29.8,56.0,6.4,224.8,0.0
2025-11-07T10:12:34.669514,device-01,103,33,55,29.8,56.0,7.0,17.3,0.0
2025-11-07T10:12:37.682461,device-01,84,65,62,29.8,56.0,4.6,143.7,0.0
2025-11-07T10:12:40.698355,device-01,14,30,43,29.8,56.0,8.3,103.6,0.0
2025-11-07T20:59:00.714306,device-01,61,34,41,28.8,58.0,4.9,23.6,0.0
2025-11-07T20:59:03.735768,device-01,11,109,33,28.8,58.0,5.6,159.4,0.0
2025-11-07T20:59:06.746962,device-01,101,38,50,28.8,58.0,8.0,200.7,0.0
2025-11-07T20:59:09.756659,device-01,138,79,107,28.8,58.0,6.5,143.8,0.0
2025-11-07T20:59:12.768535,device-01,119,82,74,28.8,58.0,8.4,106.4,0.0
2025-11-07T20:59:15.782033,device-01,17,21,85,28.8,58.0,8.2,69.6,0.0
2025-11-07T20:59:18.792085,device-01,64,8,35,28.8,58.0,8.2,96.1,0.0
2025-11-07T20:59:21.800388,device-01,72,35,159,28.8,58.0,7.0,37.5,0.0
2025-11-07T20:59:24.815948,device-01,98,87,147,28.8,59.0,6.3,133.8,0.0
2025-11-07T20:59:27.829201,device-01,64,12,39,28.8,59.0,5.1,161.7,0.0
2025-11-07T20:59:30.838131,device-01,45,59,78,28.8,59.0,5.3,59.2,0.0
2025-11-07T20:59:33.848935,device-01,103,50,156,28.8,59.0,5.3,163.6,0.0
2025-11-07T20:59:36.856851,device-01,16,135,88,28.8,59.0,5.2,47.1,0.0
2025-11-07T20:59:39.873886,device-01,6,91,131,28.8,59.0,4.6,18.2,0.0
2025-11-07T20:59:42.889584,device-01,10,58,99,28.8,59.0,8.0,94.0,0.0
2025-11-07T20:59:45.903249,device-01,2,74,189,28.8,59.0,7.4,125.8,0.0
2025-11-07T20:59:48.918059,device-01,15,66,77,28.8,59.0,7.7,108.6,0.0
2025-11-07T20:59:51.936133,device-01,10,17,17,28.8,59.0,4.6,158.3,0.0
2025-11-07T20:59:54.951572,device-01,111,16,169,28.8,59.0,6.2,203.4,0.0
2025-11-07T20:59:57.957194,device-01,60,43,57,28.8,59.0,6.6,52.9,0.0
2025-11-07T21:00:00.964870,device-01,51,96,156,28.8,59.0,7.2,63.7,0.0
2025-11-07T21:00:03.981563,device-01,95,61,101,28.8,58.0,4.6,110.3,0.0
2025-11-07T21:00:07.008188,device-01,66,5,145,28.8,58.0,7.4,188.2,0.0
2025-11-07T21:00:10.013777,device-01,44,75,200,28.8,58.0,4.9,127.4,0.0
2025-11-07T21:00:13.029081,device-01,66,102,100,28.8,58.0,8.3,202.8,0.0
2025-11-07T21:00:16.039965,device-01,135,128,168,28.8,58.0,6.5,132.0,0.0
2025-11-07T21:00:19.046711,device-01,117,80,200,28.8,58.0,7.2,109.2,0.0
2025-11-07T21:00:22.050696,device-01,109,132,93,28.8,58.0,5.2,89.6,0.0
2025-11-07T21:00:25.053704,device-01,89,115,182,28.8,58.0,6.5,91.7,0.0
2025-11-07T21:00:28.068792,device-01,50,80,92,28.8,58.0,7.6,92.7,0.0
2025-11-07T21:00:31.072138,device-01,86,43,166,28.8,58.0,8.3,155.1,0.0
2025-11-07T21:00:34.083646,device-01,52,12,111,28.8,58.0,7.1,133.9,0.0
2025-11-07T21:00:37.097832,device-01,30,8,137,28.8,58.0,7.2,76.6,0.0
2025-11-07T21:00:40.105740,device-01,54,82,92,28.8,58.0,7.0,248.1,0.0
2025-11-07T21:00:43.111435,device-01,125,16,176,28.8,58.0,8.4,144.0,0.0
2025-11-07T21:00:46.120167,device-01,101,88,204,28.7,58.0,7.6,99.1,0.0
2025-11-07T21:00:49.130956,device-01,126,128,150,28.7,59.0,7.4,99.5,0.0
2025-11-07T21:00:52.142975,device-01,79,22,112,28.8,59.0,7.7,56.4,0.0
2025-11-07T21:00:55.156063,device-01,35,89,173,28.7,59.0,5.8,223.9,0.0
2025-11-07T21:00:58.164421,device-01,103,24,185,28.7,59.0,4.8,30.7,0.0
2025-11-07T21:01:01.172469,device-01,87,120,58,28.7,59.0,7.1,136.9,0.0
2025-11-07T21:01:04.179305,device-01,55,80,72,28.7,59.0,7.7,229.8,0.0
2025-11-07T21:01:07.196053,device-01,30,108,156,28.7,58.0,8.1,246.0,0.0
2025-11-07T21:01:10.211656,device-01,11,46,121,28.7,58.0,6.8,165.6,0.0
2025-11-07T21:01:13.216389,device-01,21,127,100,28.7,58.0,7.1,234.7,0.0
2025-11-07T21:01:16.225803,device-01,130,41,10,28.7,58.0,8.3,14.9,0.0
2025-11-07T21:01:19.230798,device-01,16,40,36,28.7,58.0,8.1,18.6,0.0
2025-11-07T21:01:22.242337,device-01,119,89,41,28.7,59.0,6.0,87.6,0.0
2025-11-07T21:01:25.250533,device-01,131,121,82,28.7,59.0,8.1,33.8,0.0
2025-11-07T21:01:28.265938,device-01,130,112,128,28.7,59.0,8.3,74.6,0.0
2025-11-07T21:01:31.278002,device-01,64,51,156,28.7,59.0,4.6,239.1,0.0
2025-11-07T21:01:34.290864,device-01,64,91,118,28.7,59.0,6.1,139.2,0.0
2025-11-07T21:01:37.305051,device-01,18,79,154,28.7,59.0,7.3,5.3,0.0
2025-11-07T21:01:40.314918,device-01,4,58,6,28.7,58.0,5.3,228.3,0.0
2025-11-07T21:01:43.330333,device-01,75,27,202,28.7,58.0,5.1,84.7,0.0
2025-11-07T21:01:46.344405,device-01,119,86,151,28.7,58.0,8.4,88.8,0.0
2025-11-07T21:01:49.349028,device-01,7,46,55,28.7,58.0,7.9,18.2,0.0
2025-11-07T21:01:52.355617,device-01,66,112,51,28.7,58.0,6.3,243.5,0.0
2025-11-07T21:01:55.364757,device-01,126,131,158,28.7,58.0,5.7,24.6,0.0
2025-11-07T21:01:58.368351,device-01,44,110,56,28.7,58.0,7.4,185.3,0.0
2025-11-07T21:02:01.371566,device-01,100,36,149,28.7,58.0,6.3,96.8,0.0
2025-11-07T21:02:04.385305,device-01,90,40,65,28.7,58.0,7.6,215.6,0.0
2025-11-07T21:02:07.400537,device-01,49,145,122,28.7,58.0,5.9,78.1,0.0
2025-11-07T21:02:10.414089,device-01,63,78,187,28.7,58.0,6.6,35.3,0.0
2025-11-07T21:02:13.423304,device-01,116,74,189,28.7,58.0,5.7,127.0,0.0
2025-11-07T21:02:16.426673,device-01,126,112,26,28.7,58.0,8.4,203.1,0.0
2025-11-07T21:02:19.433753,device-01,140,78,158,28.7,58.0,6.5,219.2,0.0
2025-11-07T21:02:22.447000,device-01,92,84,83,28.7,59.0,6.4,232.1,0.0
2025-11-07T21:02:25.456297,device-01,40,111,149,28.7,59.0,7.2,15.1,0.0
2025-11-07T21:02:28.469829,device-01,140,73,35,28.7,59.0,6.1,189.8,0.0
2025-11-07T21:02:31.476991,device-01,134,89,86,28.7,59.0,4.8,161.8,0.0
2025-11-07T21:02:34.485910,device-01,85,35,154,28.7,59.0,6.7,28.4,0.0
2025-11-07T21:02:37.497545,device-01,65,96,142,28.7,59.0,8.4,105.8,0.0
2025-11-07T21:02:40.515280,device-01,54,101,35,28.7,59.0,7.7,154.3,0.0
2025-11-07T21:02:43.529725,device-01,7,140,171,28.7,59.0,5.8,51.2,0.0
2025-11-07T21:02:46.544049,device-01,81,37,119,28.7,59.0,6.0,20.9,0.0
2025-11-07T21:02:49.557353,device-01,46,85,100,28.7,59.0,7.3,145.4,0.0
2025-11-07T21:02:52.564855,device-01,96,113,15,28.7,59.0,7.0,181.8,0.0
2025-11-07T21:02:55.571757,device-01,115,18,140,28.7,59.0,5.9,156.1,0.0
2025-11-07T21:02:58.578642,device-01,43,110,35,28.7,59.0,5.7,14.0,0.0
2025-11-07T21:03:01.593774,device-01,78,19,186,28.7,59.0,4.8,152.1,0.0
2025-11-07T21:03:04.670125,device-01,30,87,128,28.7,59.0,8.0,56.2,0.0
2025-11-07T21:03:07.753029,device-01,92,64,64,28.7,59.0,7.4,171.1,0.0
2025-11-07T21:03:10.769430,device-01,51,34,90,28.7,58.0,6.0,87.9,0.0
2025-11-07T21:03:13.778347,device-01,94,32,7,28.7,58.0,8.3,219.5,0.0
2025-11-07T21:03:16.784631,device-01,14,100,199,28.7,58.0,7.9,8.1,0.0
2025-11-07T21:03:19.791078,device-01,18,131,105,28.7,58.0,7.2,212.4,0.0
2025-11-07T21:03:22.794581,device-01,72,60,161,28.7,58.0,5.4,245.7,0.0
2025-11-07T21:03:25.806954,device-01,9,22,204,28.7,58.0,6.6,66.5,0.0
2025-11-07T21:03:28.823926,device-01,36,70,102,28.7,58.0,4.9,114.9,0.0
2025-11-07T21:03:31.842059,device-01,12,132,11,28.7,58.0,6.2,240.5,0.0
2025-11-07T21:03:34.850279,device-01,25,112,134,28.7,58.0,4.9,86.1,0.0
2025-11-07T21:03:37.855930,device-01,103,106,141,28.7,58.0,4.9,94.8,0.0
2025-11-07T21:03:40.871098,device-01,45,24,93,28.7,58.0,6.4,64.2,0.0
2025-11-07T21:03:43.879397,device-01,87,79,65,28.7,58.0,7.0,132.9,0.0
2025-11-07T21:03:46.893620,device-01,131,66,199,28.7,59.0,7.9,164.5,0.0
2025-11-07T21:03:49.905834,device-01,109,123,40,28.7,59.0,8.3,153.9,0.0
2025-11-07T21:03:52.913375,device-01,71,86,159,28.7,59.0,6.9,172.8,0.0
2025-11-07T21:03:55.917517,device-01,18,23,96,28.7,59.0,6.2,7.0,0.0
2025-11-07T21:03:58.923881,device-01,126,19,49,28.7,59.0,6.6,52.8,0.0
2025-11-07T21:04:01.929582,device-01,138,49,67,28.7,59.0,8.1,40.2,0.0
2025-11-07T21:04:04.939778,device-01,13,6,98,28.7,59.0,8.4,14.1,0.0
2025-11-07T21:04:07.946317,device-01,85,104,158,28.7,59.0,7.8,194.3,0.0
2025-11-07T21:04:10.958054,device-01,13,86,144,28.7,59.0,5.6,23.5,0.0
2025-11-07T21:04:13.963769,device-01,138,64,30,28.7,59.0,7.6,53.2,0.0
2025-11-07T21:04:16.978708,device-01,36,136,9,28.7,59.0,7.3,104.8,0.0
2025-11-07T21:04:19.993440,device-01,61,66,64,28.7,59.0,8.1,183.3,0.0
2025-11-07T21:04:23.002460,device-01,106,123,62,28.7,59.0,7.3,4.1,0.0
2025-11-07T21:04:26.019115,device-01,22,132,65,28.7,59.0,8.2,38.4,0.0
2025-11-07T21:04:29.034806,device-01,24,20,191,28.7,59.0,8.2,49.0,0.0
2025-11-07T21:04:32.050643,device-01,95,64,61,28.7,59.0,5.1,85.2,0.0
2025-11-07T21:04:35.057523,device-01,10,94,166,28.7,59.0,6.8,152.1,0.0
2025-11-07T21:04:38.061790,device-01,24,80,13,28.7,59.0,6.2,213.1,0.0
2025-11-07T21:04:41.073101,device-01,71,68,24,28.7,59.0,5.2,97.8,0.0
2025-11-07T21:04:44.090378,device-01,99,125,6,28.7,59.0,7.8,224.7,0.0
2025-11-07T21:04:47.095832,device-01,28,52,163,28.7,59.0,5.5,56.3,0.0
2025-11-07T21:04:50.114132,device-01,26,16,179,28.7,59.0,5.1,180.2,0.0
2025-11-07T21:04:53.127286,device-01,11,123,151,28.7,59.0,8.5,1.3,0.0
2025-11-07T21:04:56.143088,device-01,91,102,191,28.7,59.0,4.6,51.3,0.0
2025-11-07T21:04:59.150299,device-01,86,21,140,28.7,59.0,7.0,52.4,0.0
2025-11-07T21:05:02.156610,device-01,74,41,114,28.7,59.0,7.1,219.5,0.0
2025-11-07T21:05:05.159279,device-01,99,67,110,28.7,59.0,6.8,168.7,0.0
2025-11-07T21:05:08.174915,device-01,126,136,88,28.7,59.0,7.8,62.9,0.0
2025-11-07T21:05:11.180664,device-01,76,140,180,28.7,59.0,8.1,189.6,0.0
2025-11-07T21:05:14.195494,device-01,33,8,14,28.7,59.0,6.2,81.9,0.0
2025-11-07T21:05:17.203306,device-01,11,38,106,28.7,59.0,7.2,89.7,0.0
2025-11-07T21:05:20.209582,device-01,23,108,86,28.7,59.0,4.5,230.7,0.0
2025-11-07T21:05:23.224005,device-01,18,137,44,28.7,59.0,8.0,111.5,0.0
2025-11-07T21:05:26.240587,device-01,57,112,114,28.7,59.0,6.2,103.1,0.0
2025-11-07T21:05:29.268786,device-01,20,78,135,28.7,59.0,4.7,176.0,0.0
2025-11-07T21:05:32.271791,device-01,74,5,183,28.7,59.0,5.3,17.4,0.0
2025-11-07T21:05:35.279460,device-01,119,125,63,28.7,59.0,6.5,154.5,0.0
2025-11-07T21:05:38.289373,device-01,16,94,180,28.7,59.0,5.7,214.6,0.0
2025-11-07T21:05:41.302381,device-01,45,29,88,28.7,59.0,4.9,53.8,0.0
2025-11-07T21:05:44.308013,device-01,17,95,180,28.7,58.0,6.7,239.4,0.0
2025-11-07T21:05:47.324358,device-01,46,26,88,28.7,58.0,7.7,151.3,0.0
2025-11-07T21:05:50.335058,device-01,64,102,170,28.7,58.0,5.7,93.9,0.0
2025-11-07T21:05:53.341381,device-01,107,5,201,28.7,58.0,5.7,111.0,0.0
2025-11-07T21:05:56.344706,device-01,81,103,110,28.7,58.0,6.5,49.5,0.0
2025-11-07T21:05:59.359979,device-01,62,64,176,28.7,59.0,5.1,223.2,0.0
2025-11-07T21:06:02.367604,device-01,95,36,84,28.7,59.0,8.5,230.1,0.0
2025-11-07T21:06:05.373891,device-01,54,119,121,28.6,59.0,5.4,50.7,0.0
2025-11-07T21:06:08.377032,device-01,50,88,137,28.6,59.0,7.7,160.5,0.0
2025-11-07T21:06:11.383089,device-01,64,122,34,28.6,59.0,8.1,5.5,0.0
2025-11-07T21:06:14.388314,device-01,51,35,69,28.6,59.0,6.3,69.7,0.0
2025-11-07T21:06:17.394348,device-01,74,113,57,28.6,59.0,7.8,96.5,0.0
2025-11-07T21:06:20.396694,device-01,122,15,86,28.6,59.0,6.3,245.2,0.0
2025-11-07T21:06:23.399018,device-01,124,110,38,28.6,59.0,7.9,42.3,0.0
2025-11-07T21:06:26.413782,device-01,16,145,96,28.6,59.0,5.7,203.2,0.0
2025-11-07T21:06:29.419230,device-01,122,125,163,28.6,59.0,7.5,2.0,0.0
2025-11-07T21:06:32.423866,device-01,104,15,57,28.6,59.0,6.4,244.8,0.0
2025-11-07T21:06:35.430640,device-01,134,89,7,28.6,59.0,4.5,1.6,0.0
2025-11-07T21:06:38.443533,device-01,130,19,199,28.6,59.0,6.9,102.2,0.0
2025-11-07T21:06:41.447186,device-01,76,85,152,28.6,59.0,6.0,159.2,0.0
2025-11-07T21:06:44.455585,device-01,9,68,77,28.6,59.0,4.9,199.4,0.0
2025-11-07T21:06:47.468106,device-01,19,123,162,28.6,59.0,5.9,238.4,0.0
2025-11-07T21:06:50.484535,device-01,135,64,49,28.6,59.0,6.2,164.7,0.0
2025-11-07T21:06:53.495698,device-01,8,53,20,28.6,59.0,8.1,79.2,0.0
2025-11-07T21:06:56.501529,device-01,101,17,75,28.6,59.0,4.8,32.4,0.0
2025-11-07T21:06:59.513427,device-01,107,15,97,28.6,59.0,7.3,44.5,0.0
2025-11-07T21:07:02.518580,device-01,19,28,121,28.6,59.0,6.9,109.9,0.0
2025-11-07T21:07:05.535514,device-01,60,107,45,28.6,59.0,4.8,49.8,0.0
2025-11-07T21:07:08.541523,device-01,54,12,16,28.6,59.0,7.5,127.4,0.0
2025-11-07T21:07:11.544146,device-01,118,97,165,28.6,59.0,6.1,210.2,0.0
2025-11-07T21:07:14.554693,device-01,86,90,22,28.6,59.0,6.8,146.3,0.0
2025-11-07T21:07:17.561719,device-01,134,66,58,28.6,59.0,7.0,101.8,0.0
2025-11-07T21:07:20.573792,device-01,89,107,77,28.6,59.0,6.2,187.0,0.0
2025-11-07T21:07:23.579245,device-01,81,72,167,28.6,59.0,5.1,36.7,0.0
2025-11-07T21:07:26.584533,device-01,116,60,132,28.6,59.0,7.2,131.8,0.0
2025-11-07T21:07:29.593100,device-01,31,17,38,28.6,59.0,6.2,155.5,0.0
2025-11-07T21:07:32.599704,device-01,72,40,138,28.6,59.0,7.5,191.5,0.0
2025-11-07T21:07:35.612862,device-01,130,107,141,28.6,59.0,5.2,94.7,0.0
2025-11-07T21:07:38.629691,device-01,57,97,50,28.6,59.0,5.3,108.4,0.0
2025-11-07T21:07:41.636751,device-01,36,33,200,28.6,59.0,8.4,68.8,0.0
2025-11-07T21:07:44.641217,device-01,1,77,52,28.6,59.0,4.9,29.0,0.0
2025-11-07T21:07:47.653463,device-01,40,106,92,28.6,59.0,5.5,53.3,0.0
2025-11-07T21:07:50.670151,device-01,132,7,45,28.6,59.0,4.9,215.1,0.0
2025-11-07T21:07:53.676123,device-01,4,124,35,28.6,59.0,6.6,131.0,0.0
2025-11-07T21:07:56.688838,device-01,61,66,73,28.6,59.0,8.0,195.9,0.0
2025-11-07T21:07:59.706376,device-01,104,98,160,28.6,59.0,7.0,137.3,0.0
2025-11-07T21:08:02.714920,device-01,47,16,74,28.6,59.0,7.5,0.5,0.0
2025-11-07T21:08:05.727140,device-01,64,117,117,28.6,59.0,8.0,190.6,0.0
2025-11-07T21:08:08.741061,device-01,67,124,17,28.6,59.0,7.1,107.7,0.0
2025-11-07T21:08:11.757805,device-01,138,126,103,28.6,59.0,7.1,133.7,0.0
2025-11-07T21:08:14.767603,device-01,55,122,119,28.6,59.0,8.1,46.4,0.0
2025-11-07T21:08:17.777387,device-01,56,119,31,28.6,59.0,4.6,219.5,0.0
2025-11-07T21:08:20.785021,device-01,121,55,25,28.6,59.0,4.7,84.4,0.0
2025-11-07T21:08:23.793081,device-01,32,28,128,28.6,59.0,8.1,203.5,0.0
2025-11-07T21:08:26.798996,device-01,108,107,62,28.6,59.0,7.3,219.2,0.0
2025-11-07T21:08:29.816182,device-01,67,112,58,28.6,59.0,8.4,105.4,0.0
2025-11-07T21:08:32.832296,device-01,6,23,108,28.6,59.0,4.5,28.7,0.0
2025-11-07T21:08:35.840623,device-01,24,73,110,28.6,59.0,6.8,132.4,0.0
2025-11-07T21:08:38.844809,device-01,112,81,159,28.6,59.0,8.0,79.7,0.0
2025-11-07T21:08:41.858919,device-01,124,133,34,28.6,59.0,6.8,79.4,0.0
2025-11-07T21:08:44.863920,device-01,92,28,62,28.6,59.0,6.8,66.7,0.0
2025-11-07T21:08:47.875944,device-01,1,32,132,28.6,59.0,6.1,129.0,0.0
2025-11-07T21:08:50.891627,device-01,7,55,193,28.6,59.0,6.4,71.1,0.0
2025-11-07T21:08:53.914591,device-01,89,30,111,28.6,59.0,6.6,198.0,0.0
2025-11-07T21:08:56.919683,device-01,43,96,45,28.6,59.0,8.0,106.6,0.0
2025-11-07T21:08:59.932688,device-01,97,7,34,28.6,59.0,8.1,187.8,0.0
2025-11-07T21:09:02.940055,device-01,0,35,146,28.6,59.0,6.8,112.1,0.0
2025-11-07T21:09:05.944138,device-01,31,100,117,28.6,59.0,5.2,9.4,0.0
2025-11-07T21:09:08.950964,device-01,118,72,30,28.6,59.0,4.7,41.2,0.0
2025-11-07T21:09:11.971382,device-01,18,135,37,28.6,59.0,5.5,83.4,0.0
2025-11-07T21:09:14.999462,device-01,9,71,166,28.7,59.0,5.0,159.8,0.0
2025-11-07T21:09:18.016288,device-01,0,62,65,28.7,59.0,7.0,146.2,0.0
2025-11-07T21:09:21.028559,device-01,134,35,168,28.7,59.0,4.7,176.1,0.0
2025-11-07T21:09:24.032246,device-01,16,28,110,28.7,59.0,7.3,86.8,0.0
2025-11-07T21:09:27.035120,device-01,54,49,114,28.7,59.0,5.4,156.4,0.0
2025-11-07T21:09:30.051215,device-01,137,125,85,28.7,59.0,5.7,113.1,0.0
2025-11-07T21:09:33.063008,device-01,8,22,94,28.7,59.0,5.2,41.2,0.0
2025-11-07T21:09:36.073894,device-01,100,31,139,28.7,59.0,5.6,209.4,0.0
2025-11-07T21:09:39.077652,device-01,123,10,37,28.7,59.0,5.8,159.3,0.0
2025-11-07T21:09:42.083947,device-01,58,91,198,28.7,59.0,8.0,76.5,0.0
2025-11-07T21:09:45.090415,device-01,21,113,51,28.7,59.0,4.9,202.1,0.0
2025-11-07T21:09:48.105143,device-01,89,124,138,28.7,59.0,6.0,63.4,0.0
2025-11-07T21:09:51.116537,device-01,123,36,60,28.7,59.0,5.4,58.0,0.0
2025-11-07T21:09:54.125886,device-01,111,140,15,28.7,59.0,7.6,54.2,0.0
2025-11-07T21:09:57.133657,device-01,72,29,11,28.7,59.0,6.5,120.0,0.0
2025-11-07T21:10:00.138365,device-01,36,29,13,28.7,59.0,5.9,66.4,0.0
2025-11-07T21:10:03.148684,device-01,38,40,50,28.7,59.0,5.4,100.4,0.0
2025-11-07T21:10:06.165499,device-01,137,90,121,28.7,59.0,7.0,234.8,0.0
2025-11-07T21:10:09.176188,device-01,123,89,73,28.7,59.0,5.1,72.5,0.0
2025-11-07T21:10:12.186577,device-01,110,127,156,28.7,59.0,4.8,9.3,0.0
2025-11-07T21:10:15.189586,device-01,8,14,188,28.7,59.0,5.0,34.8,0.0
2025-11-07T21:10:18.195262,device-01,47,122,75,28.7,59.0,5.6,165.2,0.0
2025-11-07T21:10:21.199673,device-01,129,77,151,28.7,59.0,5.3,86.6,0.0
2025-11-07T21:10:24.214340,device-01,23,145,201,28.7,59.0,8.0,126.7,0.0
2025-11-07T21:10:27.222528,device-01,108,26,132,28.7,59.0,5.9,0.4,0.0
2025-11-07T21:10:30.230270,device-01,86,82,128,28.7,59.0,8.1,214.2,0.0
2025-11-07T21:10:33.238173,device-01,48,89,181,28.7,59.0,4.9,121.7,0.0
2025-11-07T21:10:36.244676,device-01,132,18,116,28.7,59.0,7.6,235.9,0.0
2025-11-07T21:10:39.263181,device-01,34,14,75,28.7,59.0,7.4,52.5,0.0
2025-11-07T21:10:42.275684,device-01,137,47,123,28.7,59.0,8.4,95.2,0.0
2025-11-07T21:10:45.291019,device-01,6,24,55,28.7,59.0,5.4,151.2,0.0
2025-11-07T21:10:48.299131,device-01,42,119,102,28.7,59.0,8.5,36.9,0.0
2025-11-07T21:10:51.314779,device-01,125,125,129,28.7,59.0,6.4,68.7,0.0
2025-11-07T21:10:54.330827,device-01,23,28,182,28.7,59.0,7.7,120.6,0.0
2025-11-07T21:10:57.343695,device-01,29,51,144,28.7,59.0,8.0,178.0,0.0
2025-11-07T21:11:00.352527,device-01,59,12,176,28.7,59.0,7.5,102.3,0.0
2025-11-07T21:11:03.354544,device-01,25,18,53,28.7,59.0,6.1,126.0,0.0
2025-11-07T21:11:06.359997,device-01,110,96,134,28.7,59.0,7.3,202.8,0.0
2025-11-07T21:11:09.371502,device-01,111,57,170,28.7,59.0,4.8,36.0,0.0
2025-11-07T21:11:12.375139,device-01,58,20,82,28.7,59.0,4.7,57.6,0.0
2025-11-07T21:11:15.379955,device-01,91,42,70,28.7,59.0,6.3,46.9,0.0
2025-11-07T21:11:18.392241,device-01,88,120,83,28.7,59.0,8.1,142.2,0.0
2025-11-07T21:11:21.401426,device-01,115,46,162,28.7,59.0,6.1,232.5,0.0
2025-11-07T21:11:24.415294,device-01,53,137,87,28.7,59.0,8.1,249.8,0.0
2025-11-07T21:11:27.431547,device-01,65,7,142,28.7,59.0,5.0,65.1,0.0
2025-11-07T21:11:30.444391,device-01,17,83,122,28.7,59.0,6.5,47.7,0.0
2025-11-07T21:11:33.450069,device-01,6,99,168,28.7,59.0,5.1,191.5,0.0
2025-11-07T21:11:36.466713,device-01,138,74,38,28.7,59.0,5.5,43.2,0.0
2025-11-07T21:11:39.471773,device-01,48,73,106,28.7,59.0,7.9,138.9,0.0
2025-11-07T21:11:42.489075,device-01,39,130,77,28.7,59.0,8.5,171.2,0.0
2025-11-07T21:11:45.503931,device-01,61,21,106,28.7,59.0,8.5,36.5,0.0
2025-11-07T21:11:48.518067,device-01,11,92,163,28.7,59.0,7.3,125.4,0.0
2025-11-07T21:11:51.534585,device-01,100,99,86,28.7,59.0,6.3,95.5,0.0
2025-11-07T21:11:54.548540,device-01,37,25,72,28.7,59.0,5.6,47.2,0.0
2025-11-07T21:11:57.558598,device-01,139,135,152,28.7,59.0,7.3,41.7,0.0
2025-11-07T21:12:00.575885,device-01,49,105,176,28.7,59.0,5.3,191.1,0.0
2025-11-07T21:12:03.587835,device-01,22,63,12,28.7,59.0,7.6,106.2,0.0
2025-11-07T21:12:06.597636,device-01,91,52,27,28.7,59.0,7.4,25.9,0.0
2025-11-07T21:12:09.605092,device-01,132,41,151,28.7,59.0,5.6,164.7,0.0
2025-11-07T21:12:12.614751,device-01,63,79,171,28.7,59.0,4.7,104.3,0.0
2025-11-07T21:12:15.632003,device-01,88,33,63,28.7,59.0,7.4,92.9,0.0
2025-11-07T21:12:18.647562,device-01,101,102,115,28.7,59.0,6.7,217.5,0.0
2025-11-07T21:12:21.649691,device-01,24,67,123,28.7,59.0,5.9,221.4,0.0
2025-11-07T21:12:24.661963,device-01,101,72,56,28.7,59.0,5.6,23.1,0.0
2025-11-07T21:12:27.671030,device-01,89,144,161,28.7,59.0,6.3,158.7,0.0
2025-11-07T21:12:30.679694,device-01,49,71,85,28.8,59.0,5.4,65.0,0.0
2025-11-07T21:12:33.695092,device-01,30,8,51,28.8,59.0,6.3,248.4,0.0
2025-11-07T21:12:36.701149,device-01,128,21,183,28.7,59.0,7.7,122.4,0.0
2025-11-07T21:12:39.711563,device-01,8,63,98,28.7,59.0,5.3,14.3,0.0
2025-11-07T21:12:42.726866,device-01,91,135,36,28.8,59.0,4.7,234.4,0.0
2025-11-07T21:12:45.738981,device-01,45,67,47,28.8,59.0,6.6,94.5,0.0
2025-11-07T21:12:48.748079,device-01,128,5,64,28.8,59.0,4.9,15.7,0.0
2025-11-07T21:12:51.755785,device-01,51,95,6,28.8,59.0,6.0,133.6,0.0
2025-11-07T21:12:54.762897,device-01,116,46,44,28.8,59.0,6.8,27.6,0.0
2025-11-07T21:12:57.769146,device-01,132,44,169,28.8,59.0,6.1,12.6,0.0
2025-11-07T21:13:00.781173,device-01,124,128,188,28.8,59.0,7.9,55.8,0.0
2025-11-07T21:13:03.784944,device-01,111,99,200,28.8,59.0,6.2,129.7,0.0
2025-11-07T21:13:06.797243,device-01,40,50,85,28.8,59.0,7.4,46.2,0.0
2025-11-07T21:13:09.806302,device-01,18,66,197,28.8,59.0,7.7,24.1,0.0
2025-11-07T21:13:12.811813,device-01,112,69,55,28.8,59.0,5.0,168.8,0.0
2025-11-07T21:13:15.827894,device-01,67,12,160,28.8,59.0,5.0,104.7,0.0
2025-11-07T21:13:18.839315,device-01,63,133,184,28.8,59.0,5.8,20.5,0.0
2025-11-07T21:13:21.846311,device-01,128,109,132,28.8,59.0,4.8,104.3,0.0
2025-11-07T21:13:24.851290,device-01,2,56,81,28.8,59.0,6.6,109.4,0.0
2025-11-07T21:13:27.864770,device-01,92,5,58,28.8,59.0,6.0,91.0,0.0
2025-11-07T21:13:30.870353,device-01,2,95,194,28.8,59.0,6.4,220.7,0.0
2025-11-07T21:13:33.877218,device-01,62,78,84,28.8,59.0,6.7,248.6,0.0
2025-11-07T21:13:36.883152,device-01,29,99,171,28.8,59.0,6.8,179.4,0.0
2025-11-07T21:13:39.900116,device-01,20,143,71,28.8,59.0,4.6,104.0,0.0
2025-11-07T21:13:42.902253,device-01,136,50,111,28.8,59.0,4.8,161.4,0.0
2025-11-07T21:13:45.916857,device-01,56,23,67,28.8,59.0,6.2,146.1,0.0
2025-11-07T21:13:48.927971,device-01,103,139,182,28.8,59.0,5.3,68.9,0.0
2025-11-07T21:13:51.935735,device-01,139,67,52,28.8,59.0,4.6,231.4,0.0
2025-11-07T21:13:54.942549,device-01,91,32,135,28.8,59.0,6.4,143.0,0.0
2025-11-07T21:13:57.948266,device-01,74,132,142,28.8,59.0,5.5,141.6,0.0
2025-11-07T21:14:00.958501,device-01,43,62,34,28.8,59.0,7.6,155.3,0.0
2025-11-07T21:14:03.971192,device-01,72,37,153,28.8,59.0,6.2,244.4,0.0
2025-11-07T21:19:28.598197,device-01,31,20,174,28.8,59.0,7.2,20.5,0.0
2025-11-07T21:19:31.612997,device-01,13,18,29,28.8,59.0,4.9,115.4,0.0
2025-11-07T21:19:34.624964,device-01,60,14,52,28.8,59.0,7.1,133.4,0.0
2025-11-07T21:19:37.638215,device-01,2,36,61,28.8,59.0,8.5,63.2,0.0
2025-11-07T21:19:40.643326,device-01,128,87,128,28.8,59.0,8.0,36.9,0.0
2025-11-07T21:19:43.664053,device-01,45,53,93,28.8,59.0,5.2,42.4,0.0
2025-11-07T21:19:46.690754,device-01,71,6,17,28.8,59.0,6.8,211.1,0.0
2025-11-07T21:19:49.692823,device-01,1,36,89,28.8,59.0,6.0,8.4,0.0
2025-11-07T21:19:52.699167,device-01,100,134,31,28.8,59.0,5.8,126.8,0.0
2025-11-07T21:19:55.703167,device-01,132,88,98,28.8,59.0,6.4,12.1,0.0
2025-11-07T21:19:58.720369,device-01,80,52,159,28.8,59.0,8.4,55.7,0.0
2025-11-07T21:20:01.726240,device-01,79,82,190,28.8,59.0,5.2,59.5,0.0
2025-11-07T21:20:04.740847,device-01,31,108,198,28.8,59.0,5.3,236.0,0.0
2025-11-07T21:20:07.746075,device-01,80,123,41,28.8,59.0,5.6,222.8,0.0
2025-11-07T21:20:10.761533,device-01,97,65,132,28.8,59.0,5.5,105.6,0.0
2025-11-07T21:20:13.774892,device-01,136,120,159,28.8,59.0,8.0,42.3,0.0
2025-11-07T21:20:16.779068,device-01,108,79,134,28.8,59.0,5.3,231.7,0.0
2025-11-07T21:20:19.787713,device-01,79,13,52,28.8,59.0,4.6,234.6,0.0
2025-11-07T21:20:22.792686,device-01,75,81,122,28.8,59.0,5.9,208.3,0.0
2025-11-07T21:20:25.808128,device-01,45,26,188,28.8,59.0,7.6,43.6,0.0
2025-11-07T21:20:28.819741,device-01,7,91,75,28.8,59.0,5.0,4.4,0.0
2025-11-07T21:20:31.823623,device-01,70,65,178,28.8,59.0,8.2,106.9,0.0
2025-11-07T21:20:34.833417,device-01,46,52,128,28.8,59.0,7.0,193.5,0.0
2025-11-07T21:20:37.844295,device-01,18,130,70,28.8,59.0,7.0,122.4,0.0
2025-11-07T21:20:40.855279,device-01,102,92,5,28.8,59.0,6.7,116.9,0.0
2025-11-07T21:20:43.862356,device-01,37,133,67,28.8,59.0,5.0,134.4,0.0
2025-11-07T21:20:46.881934,device-01,66,66,11,28.8,59.0,5.7,187.1,0.0
2025-11-07T21:20:49.885446,device-01,70,51,61,28.8,59.0,8.1,136.6,0.0
2025-11-07T21:20:52.892289,device-01,75,98,51,28.8,59.0,7.3,168.3,0.0
2025-11-07T21:20:55.903718,device-01,66,134,65,28.8,59.0,4.5,149.7,0.0
2025-11-07T21:20:58.909257,device-01,39,143,137,28.8,59.0,6.4,248.3,0.0
2025-11-07T21:21:01.916913,device-01,49,66,20,28.8,59.0,8.4,170.3,0.0
2025-11-07T21:21:04.919665,device-01,111,96,46,28.8,59.0,8.1,91.5,0.0
2025-11-07T21:21:07.925490,device-01,79,20,128,28.8,59.0,7.2,196.7,0.0
2025-11-07T21:21:10.942858,device-01,117,56,166,28.8,59.0,6.6,36.1,0.0
2025-11-07T21:21:13.953838,device-01,14,145,166,28.8,59.0,7.0,18.2,0.0
2025-11-07T21:21:16.965826,device-01,70,126,201,28.8,59.0,6.5,62.6,0.0
2025-11-07T21:21:19.971136,device-01,63,145,179,28.7,59.0,5.1,161.5,0.0
2025-11-07T21:21:23.009551,device-01,47,81,189,28.8,59.0,4.9,144.6,0.0
2025-11-07T21:21:26.016519,device-01,109,91,58,28.8,59.0,4.9,71.9,0.0
2025-11-07T21:21:29.022016,device-01,5,145,27,28.8,59.0,6.4,83.2,0.0
2025-11-07T21:21:32.026524,device-01,139,22,191,28.7,59.0,5.9,244.6,0.0
2025-11-07T21:21:35.036883,device-01,74,108,14,28.8,59.0,5.7,55.2,0.0
2025-11-07T21:21:38.052332,device-01,83,11,159,28.8,59.0,5.6,163.2,0.0
2025-11-07T21:21:41.061159,device-01,48,46,114,28.8,59.0,5.1,157.0,0.0
2025-11-07T21:21:44.096701,device-01,10,138,169,28.7,59.0,8.2,56.9,0.0
2025-11-07T21:21:47.198353,device-01,21,127,143,28.7,59.0,6.5,173.9,0.0
2025-11-07T21:21:50.214037,device-01,104,55,55,28.7,59.0,8.1,135.9,0.0
2025-11-07T21:21:53.219425,device-01,39,32,93,28.7,59.0,7.1,230.4,0.0
2025-11-07T21:21:56.226947,device-01,135,47,32,28.7,59.0,7.9,24.0,0.0
2025-11-07T21:21:59.229573,device-01,5,35,155,28.7,59.0,6.1,18.7,0.0
2025-11-07T21:22:02.246598,device-01,13,78,76,28.7,59.0,8.1,25.6,0.0
2025-11-07T21:22:05.259888,device-01,129,88,79,28.7,59.0,8.4,196.3,0.0
2025-11-07T21:22:08.306123,device-01,126,55,90,28.8,59.0,7.9,95.4,0.0
2025-11-07T21:22:11.323636,device-01,92,40,123,28.8,59.0,6.5,124.5,0.0
2025-11-07T21:22:14.336068,device-01,119,119,110,28.8,59.0,6.8,77.3,0.0
2025-11-07T21:22:17.345452,device-01,89,59,35,28.7,59.0,8.1,12.0,0.0
2025-11-07T21:22:20.358358,device-01,98,98,107,28.8,59.0,8.0,210.0,0.0
2025-11-07T21:22:23.369905,device-01,52,86,82,28.7,59.0,5.6,120.3,0.0
2025-11-07T21:22:26.383003,device-01,127,99,194,28.7,59.0,4.7,185.2,0.0
2025-11-07T21:22:29.396306,device-01,13,28,162,28.7,59.0,7.8,232.4,0.0
2025-11-07T21:22:32.398347,device-01,25,31,181,28.7,59.0,6.9,34.5,0.0
2025-11-07T21:22:35.407329,device-01,5,40,193,28.7,59.0,5.4,125.6,0.0
2025-11-07T21:22:38.413001,device-01,131,102,99,28.7,59.0,5.1,180.7,0.0
2025-11-07T21:22:41.420280,device-01,44,43,182,28.7,59.0,6.8,227.0,0.0
2025-11-07T21:22:44.442473,device-01,121,52,24,28.7,59.0,5.8,91.4,0.0
2025-11-07T21:22:47.491092,device-01,140,14,62,28.7,59.0,6.2,140.7,0.0
2025-11-07T21:22:50.505074,device-01,72,10,180,28.7,59.0,8.0,74.3,0.0
2025-11-07T21:22:53.520449,device-01,126,123,105,28.7,59.0,6.2,185.1,0.0
2025-11-07T21:22:56.535901,device-01,23,76,35,28.7,59.0,6.0,93.2,0.0
2025-11-07T21:22:59.539017,device-01,85,134,14,28.7,59.0,6.5,146.6,0.0
2025-11-07T21:23:02.554863,device-01,29,92,66,28.7,59.0,7.9,142.3,0.0
2025-11-07T21:23:05.563882,device-01,62,119,108,28.8,59.0,5.3,14.2,0.0
2025-11-07T21:23:08.570539,device-01,105,48,9,28.8,59.0,6.8,202.6,0.0
2025-11-07T21:23:11.583119,device-01,40,143,110,28.8,59.0,7.3,191.8,0.0
2025-11-07T21:23:14.600024,device-01,105,88,118,28.8,59.0,4.6,164.2,0.0
2025-11-07T21:23:17.613015,device-01,138,69,138,28.8,59.0,8.3,136.2,0.0
2025-11-07T21:23:20.628083,device-01,109,127,8,28.8,59.0,7.7,156.8,0.0
2025-11-07T21:23:23.642238,device-01,56,119,182,28.7,59.0,8.5,216.1,0.0
2025-11-07T21:23:26.654842,device-01,48,45,5,28.7,59.0,5.4,7.6,0.0
2025-11-07T21:23:29.663172,device-01,128,122,37,28.7,59.0,8.1,247.8,0.0
2025-11-07T21:23:32.674955,device-01,122,18,144,28.7,59.0,6.6,129.8,0.0
2025-11-07T21:23:35.689995,device-01,53,16,14,28.7,59.0,8.1,65.3,0.0
2025-11-07T21:23:38.698459,device-01,133,38,170,28.7,59.0,4.5,25.1,0.0
2025-11-07T21:23:41.703766,device-01,103,118,66,28.7,59.0,6.3,100.7,0.0
2025-11-07T21:23:44.714831,device-01,91,102,18,28.7,59.0,4.6,248.0,0.0
2025-11-07T21:23:47.733126,device-01,126,37,202,28.7,59.0,5.0,186.7,0.0
2025-11-07T21:23:50.748005,device-01,69,69,172,28.7,59.0,6.0,136.1,0.0
2025-11-07T21:23:53.756612,device-01,111,118,142,28.7,59.0,7.6,94.4,0.0
2025-11-07T21:23:56.768438,device-01,126,91,5,28.7,59.0,6.2,208.7,0.0
2025-11-07T21:23:59.777365,device-01,7,26,128,28.7,59.0,6.8,50.6,0.0
2025-11-07T21:24:02.789682,device-01,35,47,29,28.7,59.0,6.3,13.3,0.0
2025-11-07T21:24:05.809206,device-01,87,97,68,28.7,59.0,5.3,79.7,0.0
2025-11-07T21:24:08.821030,device-01,136,20,203,28.7,59.0,4.6,113.9,0.0
2025-11-07T21:24:11.829256,device-01,137,62,188,28.7,59.0,4.6,89.1,0.0
2025-11-07T21:24:14.844600,device-01,18,88,108,28.7,59.0,7.1,67.2,0.0
2025-11-07T21:24:17.859987,device-01,121,59,160,28.7,59.0,7.0,9.1,0.0
2025-11-07T21:24:20.871157,device-01,14,30,66,28.7,59.0,7.9,92.3,0.0
2025-11-07T21:24:23.887047,device-01,26,57,26,28.7,59.0,6.3,28.4,0.0
2025-11-07T21:24:26.902071,device-01,38,87,59,28.7,59.0,4.8,173.3,0.0
2025-11-07T21:24:29.917619,device-01,133,51,159,28.7,59.0,7.4,58.9,0.0
2025-11-07T21:24:32.932047,device-01,1,53,27,28.7,59.0,6.2,172.4,0.0
2025-11-07T21:24:35.934296,device-01,124,99,175,28.7,59.0,5.4,169.6,0.0
2025-11-07T21:24:38.936601,device-01,123,41,12,28.7,59.0,6.1,117.8,0.0
2025-11-07T21:24:41.940892,device-01,60,78,157,28.7,59.0,7.6,64.0,0.0
2025-11-07T21:24:44.949035,device-01,128,58,154,28.7,59.0,7.4,199.6,0.0
2025-11-07T21:24:47.962272,device-01,89,66,34,28.7,59.0,7.0,9.0,0.0
2025-11-07T21:24:50.975462,device-01,129,96,196,28.7,59.0,8.1,213.9,0.0
2025-11-07T21:24:53.990045,device-01,113,114,8,28.7,59.0,6.9,11.9,0.0
2025-11-07T21:24:57.007819,device-01,129,95,127,28.7,59.0,7.3,41.8,0.0
2025-11-07T21:25:00.019276,device-01,23,58,81,28.7,59.0,8.5,150.3,0.0
2025-11-07T21:25:03.028846,device-01,109,67,74,28.7,59.0,8.4,118.7,0.0
2025-11-07T21:25:06.043890,device-01,115,64,166,28.7,59.0,4.6,227.6,0.0
2025-11-07T21:25:09.060914,device-01,115,145,131,28.7,59.0,4.9,65.4,0.0
2025-11-07T21:25:12.075786,device-01,72,118,194,28.7,59.0,5.7,53.6,0.0
2025-11-07T21:25:15.082506,device-01,31,33,120,28.7,59.0,4.7,72.5,0.0
2025-11-07T21:25:18.083971,device-01,81,14,146,28.7,59.0,6.7,175.5,0.0
2025-11-07T21:25:21.096429,device-01,122,90,7,28.7,59.0,6.2,238.9,0.0
2025-11-07T21:25:24.104421,device-01,83,61,59,28.7,59.0,6.0,180.7,0.0
2025-11-07T21:25:27.121544,device-01,39,70,191,28.7,59.0,7.1,84.8,0.0
2025-11-07T21:25:30.139499,device-01,92,10,204,28.7,59.0,4.6,138.6,0.0
2025-11-07T21:25:33.150982,device-01,4,60,205,28.7,59.0,7.2,219.5,0.0
2025-11-07T21:25:36.166391,device-01,117,86,72,28.7,59.0,6.3,179.7,0.0
2025-11-07T21:25:39.174868,device-01,82,26,177,28.7,59.0,5.6,76.3,0.0
2025-11-07T21:25:42.189935,device-01,116,87,109,28.7,59.0,7.7,209.6,0.0
2025-11-07T21:25:45.196764,device-01,108,66,64,28.7,59.0,5.9,81.6,0.0
2025-11-07T21:25:48.210030,device-01,128,37,23,28.7,59.0,5.3,249.7,0.0
2025-11-07T21:25:51.216952,device-01,118,113,187,28.7,59.0,6.0,214.6,0.0
2025-11-07T21:25:54.225058,device-01,67,12,34,28.7,59.0,7.3,87.4,0.0
2025-11-07T21:25:57.240161,device-01,140,111,121,28.7,59.0,6.6,46.0,0.0
2025-11-07T21:26:00.246857,device-01,40,143,133,28.7,59.0,5.7,102.0,0.0
2025-11-07T21:26:03.265302,device-01,110,106,99,28.7,59.0,8.1,32.7,0.0
2025-11-07T21:26:06.273585,device-01,137,74,62,28.7,59.0,7.5,5.4,0.0
2025-11-07T21:26:09.282458,device-01,140,124,70,28.7,59.0,4.9,32.9,0.0
2025-11-07T21:26:12.298374,device-01,48,21,161,28.7,59.0,7.9,185.4,0.0
2025-11-07T21:26:15.312516,device-01,43,136,100,28.7,59.0,7.9,182.4,0.0
2025-11-07T21:26:18.326826,device-01,42,45,56,28.7,59.0,5.6,13.8,0.0
2025-11-07T21:26:21.331470,device-01,117,110,62,28.7,59.0,6.2,4.0,0.0
2025-11-07T21:26:24.354634,device-01,16,19,50,28.7,59.0,6.8,13.3,0.0
2025-11-07T21:26:27.375609,device-01,124,92,87,28.7,59.0,7.9,111.4,0.0
2025-11-07T21:26:30.386806,device-01,54,104,164,28.7,59.0,7.1,116.6,0.0
2025-11-07T21:26:33.402215,device-01,111,38,71,28.7,59.0,8.1,72.4,0.0
2025-11-07T21:26:36.408596,device-01,80,90,200,28.7,59.0,4.8,1.4,0.0
2025-11-07T21:26:39.416460,device-01,15,44,151,28.7,59.0,6.2,176.7,0.0
2025-11-07T21:26:42.430466,device-01,129,128,168,28.7,59.0,7.7,136.0,0.0
2025-11-07T21:26:45.433506,device-01,50,105,94,28.7,59.0,7.4,73.7,0.0
2025-11-07T21:26:48.440208,device-01,107,51,82,28.7,59.0,8.1,219.8,0.0
2025-11-07T21:26:51.454871,device-01,78,85,178,28.7,59.0,8.3,0.9,0.0
2025-11-07T21:26:54.471567,device-01,25,15,102,28.7,59.0,7.1,83.6,0.0
2025-11-07T21:26:57.477409,device-01,119,118,66,28.7,59.0,8.3,142.1,0.0
2025-11-07T21:27:00.484346,device-01,37,107,99,28.7,59.0,5.6,92.5,0.0
2025-11-07T21:27:03.499195,device-01,71,130,68,28.7,59.0,4.5,93.1,0.0
2025-11-07T21:27:06.502129,device-01,134,112,103,28.7,59.0,7.8,94.5,0.0
2025-11-07T21:27:09.513941,device-01,97,141,78,28.7,59.0,7.6,220.8,0.0
2025-11-07T21:27:12.525070,device-01,100,105,128,28.7,59.0,8.3,94.7,0.0
2025-11-07T21:27:15.554027,device-01,136,116,66,28.7,59.0,6.3,170.5,0.0
2025-11-07T21:27:18.643994,device-01,81,79,71,28.7,59.0,6.6,144.6,0.0
2025-11-07T21:27:21.679195,device-01,43,40,172,28.7,59.0,5.0,51.0,0.0
2025-11-07T21:27:24.695394,device-01,90,137,67,28.7,59.0,6.8,4.4,0.0
2025-11-07T21:27:27.719770,device-01,39,144,42,28.7,59.0,7.6,88.8,0.0
2025-11-07T21:27:30.781213,device-01,6,116,117,28.7,59.0,5.6,82.1,0.0
2025-11-07T21:27:33.805431,device-01,95,62,67,28.7,59.0,4.9,15.3,0.0
2025-11-07T21:27:36.829968,device-01,23,100,109,28.7,59.0,6.4,64.4,0.0
2025-11-07T21:27:39.836184,device-01,98,43,84,28.7,59.0,8.3,241.3,0.0
2025-11-07T21:27:42.848558,device-01,8,90,186,28.7,59.0,8.5,178.3,0.0
2025-11-07T21:27:45.943783,device-01,12,107,101,28.7,59.0,5.4,45.0,0.0
2025-11-07T21:27:49.034440,device-01,34,119,163,28.7,59.0,4.8,44.8,0.0
2025-11-07T21:27:52.051322,device-01,40,123,75,28.7,59.0,7.2,190.9,0.0
2025-11-07T21:27:55.074069,device-01,47,32,154,28.7,59.0,4.9,131.0,0.0
2025-11-07T21:27:58.113183,device-01,111,82,152,28.7,59.0,8.1,130.7,0.0
2025-11-07T21:28:01.129630,device-01,9,17,178,28.7,59.0,7.0,197.8,0.0
2025-11-07T21:28:04.141076,device-01,58,90,195,28.7,59.0,4.6,4.8,0.0
2025-11-07T21:28:07.147063,device-01,73,41,131,28.7,59.0,4.9,32.2,0.0
2025-11-07T21:28:10.152544,device-01,81,87,108,28.7,59.0,7.4,151.7,0.0
2025-11-07T21:28:13.172072,device-01,66,67,51,28.7,59.0,8.2,194.7,0.0
2025-11-07T21:28:16.175286,device-01,112,25,39,28.7,59.0,6.6,214.6,0.0
2025-11-07T21:28:19.181079,device-01,51,16,73,28.7,59.0,6.4,116.8,0.0
2025-11-07T21:28:22.185358,device-01,118,134,109,28.7,59.0,5.5,52.4,0.0
2025-11-07T21:28:25.192141,device-01,50,65,173,28.7,59.0,6.2,184.7,0.0
2025-11-07T21:28:28.198063,device-01,4,139,19,28.7,59.0,6.0,75.3,0.0
2025-11-07T21:28:31.210041,device-01,140,79,132,28.7,59.0,5.3,221.3,0.0
2025-11-07T21:28:34.212559,device-01,134,134,103,28.7,59.0,6.6,220.4,0.0
2025-11-07T21:28:37.215589,device-01,0,118,111,28.7,59.0,7.8,204.1,0.0
2025-11-07T21:28:40.223775,device-01,80,92,203,28.7,59.0,7.5,179.8,0.0
2025-11-07T21:28:43.243972,device-01,113,96,196,28.7,59.0,8.2,232.8,0.0
2025-11-07T21:28:46.258712,device-01,97,12,97,28.7,59.0,5.5,24.9,0.0
2025-11-07T21:28:49.274197,device-01,129,38,119,28.7,59.0,7.4,136.4,0.0
2025-11-07T21:28:52.286077,device-01,22,46,91,28.7,59.0,7.7,111.7,0.0
2025-11-07T21:28:55.293045,device-01,30,122,25,28.7,59.0,6.9,0.8,0.0
2025-11-07T21:28:58.307453,device-01,55,55,30,28.7,59.0,7.1,113.4,0.0
2025-11-07T21:29:01.320440,device-01,63,8,25,28.7,59.0,7.6,231.5,0.0
2025-11-07T21:29:04.325396,device-01,114,116,130,28.7,59.0,8.0,164.8,0.0
2025-11-07T21:29:07.328945,device-01,10,109,185,28.7,59.0,4.8,37.8,0.0
2025-11-07T21:29:10.339022,device-01,103,50,18,28.7,59.0,7.9,74.1,0.0
2025-11-07T21:29:13.354787,device-01,137,86,114,28.7,59.0,7.1,172.4,0.0
2025-11-07T21:29:16.366167,device-01,84,80,7,28.7,59.0,5.1,193.4,0.0
2025-11-07T21:29:19.371344,device-01,96,42,31,28.7,59.0,4.9,219.8,0.0
2025-11-07T21:29:22.379209,device-01,39,91,137,28.7,59.0,8.2,113.6,0.0
2025-11-07T21:29:25.383123,device-01,77,19,173,28.7,59.0,5.1,69.6,0.0
2025-11-07T21:29:28.392206,device-01,5,38,100,28.7,59.0,7.2,64.5,0.0
2025-11-07T21:29:31.400165,device-01,58,83,118,28.7,59.0,6.8,86.1,0.0
2025-11-07T21:29:34.406401,device-01,66,100,119,28.7,59.0,5.7,203.0,0.0
2025-11-07T21:29:37.411967,device-01,130,144,169,28.7,59.0,5.5,126.1,0.0
2025-11-07T21:29:40.413922,device-01,53,50,42,28.8,59.0,7.7,21.4,0.0
2025-11-07T21:29:43.430203,device-01,70,119,69,28.7,59.0,4.6,53.1,0.0
2025-11-07T21:29:46.435015,device-01,84,42,153,28.8,59.0,7.5,202.3,0.0
2025-11-07T21:29:49.452975,device-01,65,34,71,28.8,59.0,7.9,132.2,0.0
2025-11-07T21:29:52.465089,device-01,100,139,39,28.8,59.0,5.2,65.1,0.0
2025-11-07T21:29:55.470972,device-01,24,18,111,28.8,59.0,5.2,44.7,0.0
2025-11-07T21:29:58.474124,device-01,87,39,60,28.8,59.0,7.8,196.3,0.0
2025-11-07T21:30:01.478808,device-01,70,121,142,28.8,59.0,4.9,12.6,0.0
2025-11-07T21:30:04.498368,device-01,128,5,105,28.8,59.0,4.6,159.1,0.0
2025-11-07T21:30:07.511807,device-01,48,137,29,28.8,59.0,7.8,249.1,0.0
2025-11-07T21:30:10.519381,device-01,27,61,169,28.8,59.0,4.9,228.7,0.0
2025-11-07T21:30:13.529742,device-01,54,29,12,28.8,59.0,7.9,83.6,0.0
2025-11-07T21:30:16.538766,device-01,132,112,56,28.8,59.0,5.3,131.0,0.0
2025-11-07T21:30:19.543657,device-01,17,24,161,28.8,59.0,6.9,111.7,0.0
2025-11-07T21:30:22.556331,device-01,37,32,194,28.8,59.0,8.4,17.6,0.0
2025-11-07T21:30:25.565428,device-01,43,30,60,28.8,59.0,7.6,197.9,0.0
2025-11-07T21:30:28.576099,device-01,102,12,162,28.8,59.0,7.9,12.6,0.0
2025-11-07T21:30:31.595991,device-01,138,54,201,28.8,59.0,4.7,17.1,0.0
2025-11-07T21:30:34.603763,device-01,87,54,83,28.8,59.0,6.5,99.9,0.0
2025-11-07T21:30:37.608012,device-01,55,104,164,28.8,59.0,4.6,122.2,0.0
2025-11-07T21:30:40.624833,device-01,6,26,32,28.8,59.0,7.6,227.5,0.0
2025-11-07T21:30:43.641280,device-01,69,107,160,28.8,59.0,8.1,102.1,0.0
2025-11-07T21:30:46.649622,device-01,35,58,133,28.8,59.0,7.0,36.4,0.0
2025-11-07T21:30:49.658485,device-01,78,70,30,28.8,59.0,6.5,47.7,0.0
2025-11-07T21:30:52.661086,device-01,135,51,69,28.8,59.0,8.4,0.5,0.0
2025-11-07T21:30:55.672642,device-01,85,27,131,28.8,59.0,7.9,154.6,0.0
2025-11-07T21:30:58.680967,device-01,101,111,78,28.8,59.0,4.6,216.0,0.0
2025-11-07T21:31:01.686347,device-01,32,88,157,28.8,59.0,5.0,128.4,0.0
2025-11-07T21:31:04.701589,device-01,22,132,71,28.8,59.0,6.4,53.6,0.0
2025-11-07T21:31:07.711454,device-01,86,72,69,28.8,59.0,8.4,238.7,0.0
2025-11-07T21:31:10.720921,device-01,117,72,183,28.8,59.0,7.0,82.5,0.0
2025-11-07T21:31:13.728711,device-01,123,123,108,28.8,59.0,4.8,31.9,0.0
2025-11-07T21:31:16.747402,device-01,86,84,100,28.8,59.0,8.2,9.2,0.0
2025-11-07T21:31:19.756994,device-01,56,91,59,28.8,59.0,8.3,148.6,0.0
2025-11-07T21:31:22.769621,device-01,79,19,202,28.8,59.0,7.6,4.8,0.0
2025-11-07T21:31:25.780908,device-01,30,121,25,28.8,59.0,7.4,244.1,0.0
2025-11-07T21:31:28.790516,device-01,97,35,146,28.8,59.0,7.8,205.4,0.0
2025-11-07T21:31:31.800019,device-01,71,137,182,28.8,59.0,6.6,7.4,0.0
2025-11-07T21:31:34.805489,device-01,94,8,91,28.8,59.0,8.0,113.6,0.0
2025-11-07T21:31:37.823009,device-01,43,118,85,28.8,59.0,5.9,224.8,0.0
2025-11-07T21:31:40.837453,device-01,28,49,47,28.8,59.0,7.1,164.6,0.0
2025-11-07T21:31:43.864852,device-01,126,56,93,28.8,59.0,4.6,27.7,0.0
2025-11-07T21:31:46.909124,device-01,96,40,86,28.8,59.0,5.1,120.5,0.0
2025-11-07T21:31:49.916803,device-01,55,75,14,28.8,59.0,7.0,139.6,0.0
2025-11-07T21:31:52.919944,device-01,29,17,111,28.8,59.0,5.2,60.3,0.0
2025-11-07T21:31:55.937499,device-01,37,118,27,28.8,59.0,6.9,163.0,0.0
2025-11-07T21:31:58.949612,device-01,14,56,200,28.8,59.0,8.1,65.0,0.0
2025-11-07T21:32:01.951892,device-01,43,89,16,28.8,59.0,4.6,198.5,0.0
2025-11-07T21:32:04.955323,device-01,63,103,172,28.8,59.0,6.2,149.6,0.0
2025-11-07T21:32:07.968456,device-01,104,29,15,28.8,59.0,5.5,123.2,0.0
2025-11-07T21:32:10.973286,device-01,69,70,80,28.8,59.0,6.6,130.1,0.0
2025-11-07T21:32:13.986709,device-01,95,108,156,28.8,59.0,7.9,72.4,0.0
2025-11-07T21:32:16.995194,device-01,18,138,124,28.8,59.0,7.0,10.3,0.0
2025-11-07T21:32:20.010302,device-01,110,46,159,28.8,59.0,8.0,166.1,0.0
2025-11-07T21:32:23.024868,device-01,64,100,23,28.8,59.0,6.7,49.8,0.0
2025-11-07T21:32:26.042701,device-01,67,28,16,28.8,59.0,5.5,228.7,0.0
2025-11-07T21:32:29.049596,device-01,128,37,156,28.8,59.0,6.2,80.8,0.0
2025-11-07T21:32:32.057964,device-01,37,58,162,28.8,59.0,7.4,203.8,0.0
2025-11-07T21:32:35.069165,device-01,6,31,35,28.8,59.0,8.4,148.4,0.0
2025-11-07T21:32:38.076152,device-01,49,74,77,28.8,59.0,5.8,231.6,0.0
2025-11-07T21:32:41.083235,device-01,71,97,24,28.8,59.0,8.2,186.8,0.0
2025-11-07T21:32:44.098917,device-01,119,108,192,28.8,59.0,4.6,168.1,0.0
2025-11-07T21:32:47.152348,device-01,55,43,70,28.8,59.0,4.9,90.4,0.0
2025-11-07T21:32:50.161771,device-01,3,12,200,28.8,59.0,7.6,140.0,0.0
2025-11-07T21:32:53.169500,device-01,49,111,23,28.8,59.0,5.8,46.3,0.0
2025-11-07T21:32:56.177227,device-01,12,80,10,28.8,59.0,7.4,186.7,0.0
2025-11-07T21:32:59.190807,device-01,4,49,157,28.8,59.0,7.0,44.3,0.0
2025-11-07T21:33:02.194941,device-01,125,67,65,28.8,59.0,5.0,9.9,0.0
2025-11-07T21:33:05.201989,device-01,48,137,108,28.8,59.0,6.3,110.3,0.0
2025-11-07T21:33:08.209338,device-01,54,110,32,28.8,59.0,6.0,243.9,0.0
2025-11-07T21:33:11.216731,device-01,3,58,36,28.8,59.0,8.5,173.9,0.0
2025-11-07T21:33:14.227464,device-01,65,54,187,28.8,59.0,5.0,245.9,0.0
2025-11-07T21:33:17.235789,device-01,42,101,174,28.8,59.0,4.7,127.6,0.0
2025-11-07T21:33:20.249988,device-01,80,120,99,28.8,59.0,8.3,221.6,0.0
2025-11-07T21:33:23.257881,device-01,48,143,125,28.8,59.0,8.2,101.5,0.0
2025-11-07T21:33:26.268753,device-01,37,144,71,28.8,59.0,5.4,109.9,0.0
2025-11-07T21:33:29.284107,device-01,9,114,165,28.8,59.0,5.6,112.8,0.0
2025-11-07T21:33:32.293205,device-01,59,105,97,28.8,59.0,8.1,158.8,0.0
2025-11-07T21:33:35.298888,device-01,105,54,172,28.8,59.0,6.0,77.2,0.0
2025-11-07T21:33:38.311629,device-01,14,35,14,28.8,59.0,6.8,60.8,0.0
2025-11-07T21:33:41.320954,device-01,84,74,67,28.8,59.0,7.7,248.4,0.0
2025-11-07T21:33:44.324858,device-01,21,132,109,28.8,59.0,7.6,94.0,0.0
2025-11-07T21:33:47.328442,device-01,18,25,96,28.8,59.0,7.0,207.3,0.0
2025-11-07T21:33:50.343756,device-01,99,141,199,28.8,59.0,7.9,45.8,0.0
2025-11-07T21:33:53.350558,device-01,109,105,5,28.8,59.0,5.9,177.0,0.0
2025-11-07T21:33:56.357818,device-01,138,99,70,28.8,59.0,5.3,39.3,0.0
2025-11-07T21:33:59.371904,device-01,84,90,190,28.8,59.0,6.6,80.3,0.0
2025-11-07T21:34:02.374307,device-01,107,104,198,28.8,59.0,5.4,179.1,0.0
2025-11-07T21:34:05.388390,device-01,8,50,67,28.8,59.0,5.9,7.7,0.0
2025-11-07T21:34:08.402087,device-01,52,35,55,28.8,59.0,5.9,70.2,0.0
2025-11-07T21:34:11.414671,device-01,83,137,36,28.8,59.0,7.8,93.9,0.0
2025-11-07T21:34:14.430755,device-01,32,62,148,28.8,59.0,5.5,212.2,0.0
2025-11-07T21:34:17.444252,device-01,38,32,42,28.8,59.0,5.6,224.2,0.0
2025-11-07T21:34:20.457111,device-01,64,22,136,28.8,59.0,4.5,57.3,0.0
2025-11-07T21:34:23.473308,device-01,8,83,107,28.8,59.0,6.3,235.9,0.0
2025-11-07T21:34:26.485907,device-01,129,16,101,28.8,59.0,6.5,165.8,0.0
2025-11-07T21:34:29.489640,device-01,75,144,121,28.8,59.0,7.9,204.6,0.0
2025-11-07T21:34:32.501000,device-01,51,139,40,28.8,59.0,5.7,132.0,0.0
2025-11-07T21:34:35.507355,device-01,137,44,55,28.8,59.0,5.7,75.7,0.0
2025-11-07T21:34:38.521970,device-01,113,19,39,28.8,59.0,6.3,238.4,0.0
2025-11-07T21:34:41.527521,device-01,115,78,67,28.8,59.0,5.1,208.7,0.0
2025-11-07T21:34:44.531205,device-01,33,10,180,28.8,59.0,5.8,180.5,0.0
2025-11-07T21:34:47.546610,device-01,122,78,8,28.8,59.0,5.0,118.3,0.0
2025-11-07T21:34:50.567718,device-01,16,28,179,28.7,59.0,7.9,224.6,0.0
2025-11-07T21:34:53.575579,device-01,13,43,113,28.7,59.0,7.7,247.2,0.0
2025-11-07T21:34:56.584066,device-01,14,35,171,28.7,59.0,8.5,78.4,0.0
2025-11-07T21:34:59.601880,device-01,88,105,68,28.7,59.0,5.1,170.7,0.0
2025-11-07T21:35:02.615630,device-01,122,48,45,28.7,59.0,5.1,149.7,0.0
2025-11-07T21:35:05.624902,device-01,98,129,24,28.7,59.0,5.5,202.0,0.0
2025-11-07T21:35:08.633999,device-01,68,88,134,28.7,59.0,7.4,65.4,0.0
2025-11-07T21:35:11.641173,device-01,76,61,35,28.7,59.0,4.8,76.1,0.0
2025-11-07T21:35:14.659569,device-01,130,121,98,28.7,59.0,5.3,14.7,0.0
2025-11-07T21:35:17.670347,device-01,4,127,205,28.7,59.0,4.9,151.7,0.0
2025-11-07T21:35:23.768689,device-01,128,42,135,28.8,59.0,5.7,244.8,0.0
2025-11-07T21:35:26.777609,device-01,116,73,9,28.8,59.0,7.4,155.5,0.0
2025-11-07T21:35:29.780912,device-01,123,124,125,28.8,59.0,8.2,229.1,0.0
2025-11-07T21:35:32.783669,device-01,8,112,149,28.8,59.0,6.6,232.5,0.0
2025-11-07T21:35:35.788819,device-01,28,122,179,28.8,59.0,5.5,114.8,0.0
2025-11-07T21:35:38.796572,device-01,85,16,116,28.8,59.0,6.2,177.5,0.0
2025-11-07T21:35:41.799304,device-01,120,41,74,28.8,59.0,7.3,185.7,0.0
2025-11-07T21:35:44.814513,device-01,73,82,77,28.8,59.0,7.2,8.4,0.0
2025-11-07T21:35:47.824556,device-01,140,130,155,28.8,59.0,6.8,8.6,0.0
2025-11-07T21:35:50.833457,device-01,39,8,32,28.8,59.0,5.9,199.6,0.0
2025-11-07T21:35:53.848497,device-01,51,41,41,28.8,59.0,6.8,79.0,0.0
2025-11-07T21:35:56.851212,device-01,84,137,52,28.8,59.0,8.4,32.7,0.0
2025-11-07T21:35:59.854249,device-01,101,14,150,28.8,59.0,6.1,40.8,0.0
2025-11-07T21:36:02.863438,device-01,40,124,199,28.8,59.0,5.3,90.2,0.0
2025-11-07T21:36:05.873496,device-01,72,22,134,28.8,59.0,5.3,126.5,0.0
2025-11-07T21:36:08.879352,device-01,70,6,102,28.8,59.0,5.5,177.9,0.0
2025-11-07T21:36:11.886584,device-01,23,57,76,28.8,59.0,5.5,108.7,0.0
2025-11-07T21:36:14.897011,device-01,11,128,107,28.8,59.0,7.4,192.1,0.0
2025-11-07T21:36:17.900087,device-01,138,138,41,28.8,59.0,7.1,104.1,0.0
2025-11-07T21:36:20.907609,device-01,55,45,8,28.8,59.0,8.3,213.9,0.0
2025-11-07T21:36:23.923905,device-01,13,128,33,28.8,59.0,5.2,82.9,0.0
2025-11-07T21:36:26.937937,device-01,8,28,188,28.8,59.0,6.0,31.0,0.0
2025-11-07T21:36:29.942948,device-01,45,40,200,28.8,59.0,6.9,86.5,0.0
2025-11-07T21:36:32.958558,device-01,73,86,68,28.8,59.0,7.0,70.7,0.0
2025-11-07T21:36:35.966930,device-01,118,21,140,28.8,59.0,8.4,24.2,0.0
2025-11-07T21:36:38.970196,device-01,69,123,20,28.8,59.0,7.5,48.5,0.0
2025-11-07T21:36:41.974201,device-01,34,120,129,28.8,59.0,7.1,155.9,0.0
2025-11-07T21:36:44.990644,device-01,37,42,98,28.8,59.0,6.5,109.9,0.0
2025-11-07T21:36:48.003365,device-01,62,104,24,28.8,59.0,8.1,77.8,0.0
2025-11-07T21:36:51.017749,device-01,119,128,25,28.8,59.0,7.5,219.1,0.0
2025-11-07T21:36:54.035100,device-01,71,120,9,28.8,59.0,6.7,228.0,0.0
2025-11-07T21:36:57.048228,device-01,97,96,126,28.8,59.0,7.8,85.5,0.0
2025-11-07T21:37:00.065440,device-01,91,45,62,28.8,59.0,7.4,38.9,0.0
2025-11-07T21:37:03.078768,device-01,26,121,191,28.8,59.0,6.6,221.4,0.0
2025-11-07T21:37:06.096397,device-01,68,79,193,28.8,59.0,5.2,234.8,0.0
2025-11-07T21:37:09.100831,device-01,124,30,52,28.8,59.0,5.1,13.2,0.0
2025-11-07T21:37:12.112480,device-01,101,145,21,28.8,59.0,7.6,216.1,0.0
2025-11-07T21:37:15.116167,device-01,39,88,192,28.8,59.0,8.2,125.3,0.0
2025-11-07T21:37:18.130197,device-01,114,51,47,28.8,59.0,8.0,213.8,0.0
2025-11-07T21:37:21.179864,device-01,111,110,157,28.8,59.0,6.5,213.6,0.0
2025-11-07T21:37:24.216172,device-01,44,86,200,28.8,59.0,7.2,127.2,0.0
2025-11-07T21:37:27.218727,device-01,82,58,38,28.8,59.0,7.4,37.7,0.0
2025-11-07T21:37:30.221573,device-01,87,69,156,28.8,59.0,8.0,157.3,0.0
2025-11-07T21:37:33.230982,device-01,13,29,101,28.8,59.0,8.1,231.4,0.0
2025-11-07T21:37:36.239043,device-01,76,61,67,28.8,59.0,6.8,107.9,0.0
2025-11-07T21:37:39.250686,device-01,2,79,169,28.8,59.0,6.0,34.0,0.0
2025-11-07T21:37:42.266455,device-01,32,106,174,28.8,59.0,5.0,156.4,0.0
2025-11-07T21:37:45.330903,device-01,139,59,139,28.8,59.0,6.3,78.6,0.0
2025-11-07T21:37:48.434911,device-01,131,121,42,28.8,59.0,7.8,86.8,0.0
2025-11-07T21:37:51.525019,device-01,131,17,156,28.8,59.0,6.8,122.6,0.0
2025-11-07T21:37:54.553524,device-01,8,67,66,28.8,59.0,7.5,185.9,0.0
2025-11-07T21:37:57.699203,device-01,116,69,148,28.8,59.0,7.8,192.0,0.0
2025-11-07T21:38:00.764668,device-01,11,73,68,28.8,59.0,6.2,89.6,0.0
2025-11-07T21:38:03.817597,device-01,133,43,36,28.8,59.0,7.8,133.9,0.0
2025-11-07T21:38:06.897615,device-01,19,138,18,28.8,59.0,6.7,76.1,0.0
2025-11-07T21:38:10.032790,device-01,116,137,17,28.8,59.0,5.7,81.6,0.0
2025-11-07T21:38:13.043534,device-01,52,55,125,28.8,59.0,7.4,108.4,0.0
2025-11-07T21:38:16.059016,device-01,76,103,35,28.8,59.0,7.6,93.8,0.0
2025-11-07T21:38:19.068693,device-01,135,38,127,28.8,59.0,4.6,55.5,0.0
2025-11-07T21:38:22.082965,device-01,99,50,169,28.8,59.0,6.7,119.2,0.0
2025-11-07T21:38:25.088109,device-01,108,129,95,28.8,59.0,5.2,232.9,0.0
2025-11-07T21:38:28.105561,device-01,70,48,27,28.8,59.0,8.0,4.5,0.0
2025-11-07T21:38:31.114842,device-01,109,141,41,28.8,59.0,7.5,58.4,0.0
2025-11-07T21:38:34.117735,device-01,70,48,191,28.8,59.0,4.9,99.0,0.0
2025-11-07T21:38:37.128128,device-01,6,21,115,28.8,59.0,7.9,122.1,0.0
2025-11-07T21:38:40.138131,device-01,24,99,198,28.8,59.0,5.6,159.8,0.0
2025-11-07T21:38:43.151304,device-01,62,129,53,28.8,59.0,5.6,101.3,0.0
2025-11-07T21:38:46.191137,device-01,19,7,185,28.8,59.0,6.3,182.9,0.0
2025-11-07T21:38:49.251202,device-01,51,81,176,28.8,59.0,6.2,190.1,0.0
2025-11-07T21:38:52.285994,device-01,96,78,30,28.8,59.0,5.2,224.9,0.0
2025-11-07T21:38:55.288800,device-01,103,73,47,28.8,59.0,7.7,193.8,0.0
2025-11-07T21:38:58.295518,device-01,99,41,38,28.8,59.0,4.8,141.8,0.0
2025-11-07T21:39:01.305655,device-01,75,60,167,28.8,59.0,8.5,231.6,0.0
2025-11-07T21:39:04.311581,device-01,5,133,74,28.8,59.0,7.1,113.8,0.0
2025-11-07T21:39:07.327430,device-01,89,128,70,28.8,59.0,5.0,136.8,0.0
2025-11-07T21:39:10.330317,device-01,123,21,190,28.8,59.0,8.0,235.9,0.0
2025-11-07T21:39:13.333626,device-01,31,110,176,28.8,59.0,6.5,53.5,0.0
2025-11-07T21:39:16.342092,device-01,86,36,95,28.8,59.0,7.7,168.2,0.0
2025-11-07T21:39:19.358303,device-01,6,111,27,28.8,59.0,5.8,182.6,0.0
2025-11-07T21:39:22.376203,device-01,73,108,171,28.8,59.0,6.0,33.2,0.0
2025-11-07T21:39:25.392278,device-01,77,100,113,28.8,59.0,7.7,107.4,0.0
2025-11-07T21:39:28.398041,device-01,137,108,108,28.8,59.0,4.9,75.0,0.0
2025-11-07T21:39:31.404633,device-01,18,15,43,28.8,59.0,7.1,226.6,0.0
2025-11-07T21:39:34.414510,device-01,68,49,81,28.8,59.0,5.9,87.9,0.0
2025-11-07T21:39:37.429579,device-01,94,65,14,28.8,59.0,7.7,170.8,0.0
2025-11-07T21:39:40.441685,device-01,1,118,174,28.8,59.0,7.2,71.2,0.0
2025-11-07T21:39:43.457974,device-01,51,59,205,28.8,59.0,6.7,220.7,0.0
2025-11-07T21:39:46.471335,device-01,18,130,155,28.8,59.0,6.2,179.2,0.0
2025-11-07T21:39:49.477852,device-01,71,111,106,28.8,59.0,7.0,57.2,0.0
2025-11-07T21:39:52.483007,device-01,0,61,69,28.8,59.0,4.5,51.2,0.0
2025-11-07T21:39:55.485712,device-01,29,13,40,28.8,59.0,6.5,81.4,0.0
2025-11-07T21:39:58.493524,device-01,13,27,42,28.8,59.0,6.0,215.9,0.0
2025-11-07T21:40:01.509992,device-01,93,109,85,28.8,59.0,7.7,166.6,0.0
2025-11-07T21:40:04.523594,device-01,105,75,130,28.8,59.0,5.2,114.5,0.0
2025-11-07T21:40:07.526615,device-01,111,19,58,28.8,59.0,8.2,72.9,0.0
2025-11-07T21:40:10.535500,device-01,99,42,71,28.8,59.0,7.3,116.5,0.0
2025-11-07T21:40:13.553096,device-01,52,34,143,28.8,59.0,6.2,232.9,0.0
2025-11-07T21:40:16.571782,device-01,0,133,90,28.8,59.0,7.3,143.9,0.0
2025-11-07T21:40:19.588163,device-01,129,100,33,28.8,59.0,4.6,55.8,0.0
2025-11-07T21:40:22.605351,device-01,71,86,172,28.8,59.0,4.9,155.1,0.0
2025-11-07T21:40:25.613485,device-01,105,28,115,28.8,59.0,5.8,60.1,0.0
2025-11-07T21:40:28.630857,device-01,71,63,74,28.8,59.0,7.4,212.3,0.0
2025-11-07T21:40:31.643317,device-01,27,123,96,28.8,59.0,4.9,180.7,0.0
2025-11-07T21:40:34.647246,device-01,108,18,132,28.8,59.0,6.9,68.4,0.0
2025-11-07T21:40:37.663671,device-01,124,101,96,28.8,59.0,8.2,163.8,0.0
2025-11-07T21:40:40.676550,device-01,87,43,154,28.8,59.0,5.2,59.7,0.0
2025-11-07T21:40:43.688613,device-01,71,10,147,28.8,59.0,5.0,102.7,0.0
2025-11-07T21:40:46.696833,device-01,111,28,72,28.8,59.0,6.5,123.8,0.0
2025-11-07T21:40:49.709847,device-01,79,35,201,28.8,59.0,7.2,2.7,0.0
2025-11-07T21:40:52.716826,device-01,37,34,42,28.8,59.0,5.7,87.5,0.0
2025-11-07T21:40:55.730964,device-01,131,39,66,28.8,59.0,8.3,186.4,0.0
2025-11-07T21:40:58.746749,device-01,93,128,105,28.8,59.0,6.4,238.5,0.0
2025-11-07T21:41:01.754996,device-01,94,52,112,28.8,59.0,4.5,14.4,0.0
2025-11-07T21:41:04.757485,device-01,93,137,117,28.8,59.0,6.7,59.0,0.0
2025-11-07T21:41:07.763941,device-01,131,49,178,28.8,59.0,8.1,84.2,0.0
2025-11-07T21:41:10.773757,device-01,27,91,48,28.8,59.0,7.2,230.9,0.0
2025-11-07T21:41:13.783531,device-01,62,78,55,28.8,59.0,7.8,160.6,0.0
2025-11-07T21:41:16.794113,device-01,134,74,37,28.8,59.0,8.0,95.2,0.0
2025-11-07T21:41:19.796239,device-01,46,53,167,28.8,59.0,6.6,147.0,0.0
2025-11-07T21:41:22.812602,device-01,94,104,137,28.8,59.0,5.6,138.6,0.0
2025-11-07T21:41:25.822946,device-01,66,54,136,28.8,59.0,7.4,144.8,0.0
2025-11-07T21:41:28.831766,device-01,1,55,76,28.8,59.0,5.1,209.5,0.0
2025-11-07T21:41:31.835413,device-01,89,31,24,28.8,59.0,4.6,193.4,0.0
2025-11-07T21:41:34.847923,device-01,71,21,160,28.8,59.0,7.8,38.5,0.0
2025-11-07T21:41:37.862699,device-01,118,106,11,28.8,59.0,6.5,174.3,0.0
2025-11-07T21:41:40.877065,device-01,110,39,195,28.8,59.0,6.3,98.6,0.0
2025-11-07T21:41:43.889028,device-01,17,36,179,28.8,59.0,5.2,64.2,0.0
2025-11-07T21:41:46.903800,device-01,83,44,89,28.9,59.0,5.2,51.4,0.0
2025-11-07T21:41:49.917864,device-01,55,79,16,28.9,59.0,6.0,49.0,0.0
2025-11-07T21:41:52.928706,device-01,75,73,25,28.9,59.0,7.8,193.6,0.0
2025-11-07T21:41:55.937414,device-01,11,75,131,28.8,59.0,7.2,95.8,0.0
2025-11-07T21:41:58.956847,device-01,67,61,140,28.8,59.0,8.1,96.0,0.0
2025-11-07T21:42:01.972763,device-01,110,112,108,28.8,59.0,7.4,69.4,0.0
2025-11-07T21:42:04.978926,device-01,12,25,92,28.8,59.0,4.9,198.1,0.0
2025-11-07T21:42:07.980941,device-01,131,62,34,28.8,59.0,7.8,75.1,0.0
2025-11-07T21:42:10.995739,device-01,90,110,96,28.8,59.0,5.0,113.1,0.0
2025-11-07T21:42:14.006394,device-01,55,87,126,28.8,59.0,6.6,99.2,0.0
2025-11-07T21:42:17.011570,device-01,119,41,17,28.8,59.0,4.5,133.8,0.0
2025-11-07T21:42:20.026349,device-01,103,67,56,28.8,59.0,6.5,205.6,0.0
2025-11-07T21:42:23.033652,device-01,118,138,118,28.8,59.0,5.8,200.5,0.0
2025-11-07T21:42:26.042605,device-01,67,14,175,28.8,59.0,6.0,199.3,0.0
2025-11-07T21:42:29.056809,device-01,59,108,52,28.8,59.0,6.9,19.8,0.0
2025-11-07T21:42:32.068366,device-01,115,90,9,28.8,59.0,6.6,194.6,0.0
2025-11-07T21:42:35.076106,device-01,7,71,200,28.8,59.0,6.0,102.6,0.0
2025-11-07T21:42:38.091387,device-01,99,97,149,28.8,59.0,4.5,118.5,0.0
2025-11-07T21:42:41.095296,device-01,27,8,191,28.8,59.0,7.9,202.9,0.0
2025-11-07T21:42:44.113484,device-01,95,11,173,28.8,59.0,8.2,192.9,0.0
2025-11-07T21:42:47.119397,device-01,1,114,90,28.8,59.0,8.4,223.3,0.0
2025-11-07T21:42:50.130280,device-01,36,106,174,28.8,59.0,8.1,130.1,0.0
2025-11-07T21:42:53.135302,device-01,28,94,11,28.8,59.0,5.0,127.3,0.0
2025-11-07T21:42:56.151891,device-01,126,110,132,28.8,59.0,6.7,166.1,0.0
2025-11-07T21:42:59.159746,device-01,126,115,127,28.8,59.0,5.6,237.2,0.0
2025-11-07T21:43:02.175677,device-01,118,100,18,28.8,59.0,6.8,247.5,0.0
2025-11-07T21:43:05.179463,device-01,30,137,151,28.8,59.0,5.7,148.5,0.0
2025-11-07T21:43:08.181303,device-01,62,56,102,28.8,59.0,5.0,58.3,0.0
2025-11-07T21:43:11.186369,device-01,117,39,64,28.8,59.0,8.3,168.6,0.0
2025-11-07T21:43:14.192757,device-01,90,11,148,28.8,59.0,7.9,148.3,0.0
2025-11-07T21:43:17.203595,device-01,111,114,35,28.8,59.0,7.1,139.6,0.0
2025-11-07T21:43:20.211657,device-01,110,78,49,28.8,59.0,8.4,170.3,0.0
2025-11-07T21:43:23.223488,device-01,99,85,70,28.8,59.0,5.1,34.4,0.0
2025-11-07T21:43:26.227932,device-01,102,40,53,28.8,59.0,4.8,204.7,0.0
2025-11-07T21:43:29.245368,device-01,107,31,170,28.8,59.0,4.9,213.5,0.0
2025-11-07T21:43:32.251131,device-01,125,119,196,28.8,59.0,6.4,201.3,0.0
2025-11-07T21:43:35.267678,device-01,15,40,66,28.8,59.0,5.1,13.2,0.0
2025-11-07T21:43:38.275250,device-01,44,84,10,28.8,59.0,5.2,205.1,0.0
2025-11-07T21:43:41.286813,device-01,111,80,195,28.8,59.0,7.5,90.6,0.0
2025-11-07T21:43:44.290372,device-01,129,63,172,28.8,59.0,7.2,53.2,0.0
2025-11-07T21:43:47.304856,device-01,107,17,137,28.8,59.0,6.9,167.6,0.0
2025-11-07T21:43:50.319251,device-01,56,129,126,28.8,59.0,6.7,246.8,0.0
2025-11-07T21:43:53.334268,device-01,12,55,33,28.8,59.0,8.1,17.5,0.0
2025-11-07T21:43:56.341505,device-01,25,94,163,28.8,59.0,6.0,175.4,0.0
2025-11-07T21:43:59.345677,device-01,51,101,73,28.8,59.0,7.6,15.6,0.0
2025-11-07T21:44:02.350107,device-01,70,53,93,28.8,59.0,6.7,238.4,0.0
2025-11-07T21:44:05.352058,device-01,104,119,124,28.9,59.0,6.6,14.6,0.0
2025-11-07T21:44:08.358087,device-01,105,118,149,28.8,59.0,7.5,36.4,0.0
2025-11-07T21:44:11.365726,device-01,76,143,48,28.8,59.0,5.2,222.6,0.0
2025-11-07T21:44:14.372931,device-01,107,13,121,28.8,59.0,6.4,107.1,0.0
2025-11-07T21:44:17.378855,device-01,124,48,120,28.9,59.0,8.1,36.5,0.0
2025-11-07T21:44:20.383499,device-01,3,134,21,28.9,59.0,5.1,224.1,0.0
2025-11-07T21:44:23.389787,device-01,124,139,52,28.9,59.0,6.7,3.9,0.0
2025-11-07T21:44:26.404231,device-01,116,99,174,28.9,59.0,6.9,6.2,0.0
2025-11-07T21:44:29.415656,device-01,86,137,155,28.9,59.0,7.0,39.7,0.0
2025-11-07T21:44:32.432441,device-01,32,73,186,28.9,59.0,8.4,205.9,0.0
2025-11-07T21:44:35.440176,device-01,122,86,47,28.9,59.0,5.2,54.8,0.0
2025-11-07T21:44:38.456734,device-01,40,57,130,28.8,59.0,7.5,50.1,0.0
2025-11-07T21:47:17.002432,device-01,44,142,68,28.8,59.0,7.8,102.3,0.0
2025-11-07T21:47:20.023765,device-01,18,7,48,28.8,59.0,7.2,133.3,0.0
2025-11-07T21:47:23.034347,device-01,59,133,5,28.8,59.0,4.8,39.3,0.0
2025-11-07T21:47:26.046320,device-01,9,24,21,28.9,59.0,7.3,93.6,0.0
2025-11-07T21:47:29.060570,device-01,130,102,114,28.8,59.0,5.9,103.9,0.0
2025-11-07T21:47:32.076140,device-01,110,76,141,28.8,59.0,6.6,58.3,0.0
2025-11-07T21:47:35.087210,device-01,71,18,189,28.8,59.0,5.8,58.4,0.0
2025-11-07T21:47:38.099048,device-01,72,72,51,28.8,59.0,6.5,93.2,0.0
2025-11-07T21:47:41.109949,device-01,13,73,37,28.8,59.0,6.7,24.9,0.0
2025-11-07T21:47:44.118964,device-01,10,61,30,28.8,59.0,6.2,182.7,0.0
2025-11-07T21:47:47.131802,device-01,135,7,97,28.8,59.0,5.9,33.9,0.0
2025-11-07T21:47:50.142436,device-01,4,112,118,28.8,59.0,6.3,138.9,0.0
2025-11-07T21:47:53.153078,device-01,13,145,134,28.8,59.0,6.3,73.7,0.0
2025-11-07T21:47:56.162080,device-01,138,41,42,28.8,59.0,7.5,68.6,0.0
2025-11-07T21:47:59.176300,device-01,6,63,99,28.8,59.0,5.8,134.2,0.0
2025-11-07T21:48:02.184507,device-01,92,58,196,28.8,59.0,7.5,74.8,0.0
2025-11-07T21:48:05.191823,device-01,11,34,72,28.8,59.0,6.2,136.0,0.0
2025-11-07T21:48:08.202882,device-01,50,88,105,28.8,59.0,6.9,54.2,0.0
2025-11-07T21:48:11.217120,device-01,86,133,94,28.8,59.0,7.8,47.1,0.0
2025-11-07T21:48:14.233520,device-01,9,14,8,28.8,59.0,8.1,96.4,0.0
2025-11-07T21:48:17.252197,device-01,15,79,58,28.8,59.0,5.3,224.3,0.0
2025-11-07T21:48:20.294290,device-01,123,122,163,28.9,59.0,4.9,157.2,0.0
2025-11-07T21:48:23.347304,device-01,45,25,191,28.9,59.0,8.2,175.8,0.0
2025-11-07T21:48:26.364313,device-01,101,20,191,28.9,59.0,4.8,244.7,0.0
2025-11-07T21:48:29.382142,device-01,34,145,171,28.9,59.0,6.3,40.4,0.0
2025-11-07T21:48:32.389832,device-01,35,131,105,28.9,59.0,5.4,185.2,0.0
2025-11-07T21:48:35.439737,device-01,62,102,29,28.9,59.0,6.2,199.2,0.0
2025-11-07T21:48:38.452239,device-01,86,113,131,28.9,59.0,5.0,215.7,0.0
2025-11-07T21:48:41.465145,device-01,46,62,52,28.9,60.0,6.4,83.3,0.0
2025-11-07T21:48:44.477323,device-01,15,59,151,28.9,60.0,7.8,151.9,0.0
2025-11-07T21:48:47.489806,device-01,103,74,97,28.9,60.0,6.0,244.8,0.0
2025-11-07T21:48:50.495053,device-01,11,32,178,28.9,60.0,8.4,168.7,0.0
2025-11-07T21:48:53.497213,device-01,102,121,96,28.9,60.0,6.0,111.7,0.0
2025-11-07T21:48:56.565676,device-01,85,133,182,28.9,59.0,6.1,25.9,0.0
2025-11-07T21:48:59.569950,device-01,131,63,22,28.9,59.0,6.9,92.7,0.0
2025-11-07T21:49:02.619362,device-01,60,43,194,28.9,59.0,6.4,131.4,0.0
2025-11-07T21:49:05.679419,device-01,67,63,47,28.9,59.0,5.6,18.1,0.0
2025-11-07T21:49:08.694443,device-01,21,29,35,28.9,59.0,6.4,147.7,0.0
2025-11-07T21:49:11.707602,device-01,56,115,150,28.9,59.0,4.9,241.4,0.0
2025-11-07T21:49:14.736163,device-01,93,53,114,28.9,59.0,6.8,23.4,0.0
2025-11-07T21:49:17.762508,device-01,102,99,126,28.9,59.0,7.8,211.0,0.0
2025-11-07T21:49:20.770983,device-01,38,72,31,28.9,59.0,7.5,164.3,0.0
2025-11-07T21:49:23.779937,device-01,138,49,104,28.9,59.0,7.8,6.5,0.0
2025-11-07T21:49:26.784225,device-01,113,133,35,28.9,59.0,8.4,51.7,0.0
2025-11-07T21:49:29.790698,device-01,5,143,131,28.9,59.0,7.7,155.4,0.0
2025-11-07T21:49:32.821561,device-01,48,108,52,28.9,59.0,6.5,117.1,0.0
2025-11-07T21:49:35.848759,device-01,136,36,19,28.9,59.0,6.5,30.7,0.0
2025-11-07T21:49:38.857999,device-01,119,118,10,28.9,59.0,8.4,119.3,0.0
2025-11-07T21:49:41.875777,device-01,41,64,97,28.9,59.0,8.3,81.3,0.0
2025-11-07T21:49:44.892585,device-01,67,137,67,28.9,59.0,5.9,122.2,0.0
2025-11-07T21:49:47.899350,device-01,125,26,44,28.9,59.0,8.4,227.6,0.0
2025-11-07T21:49:50.912715,device-01,115,74,102,28.9,59.0,7.1,35.7,0.0
2025-11-07T21:49:53.924023,device-01,106,25,23,28.9,59.0,5.9,168.9,0.0
2025-11-07T21:49:56.945476,device-01,77,55,204,28.9,59.0,5.1,122.8,0.0
2025-11-07T21:49:59.951512,device-01,82,36,77,28.9,59.0,6.1,181.0,0.0
2025-11-07T21:50:02.963070,device-01,78,35,41,28.9,59.0,5.6,117.7,0.0
2025-11-07T21:50:05.970435,device-01,71,112,15,28.9,59.0,5.3,95.9,0.0
2025-11-07T21:50:08.980435,device-01,32,56,187,28.9,59.0,5.0,156.9,0.0
2025-11-07T21:50:11.997410,device-01,122,140,24,28.9,59.0,8.1,98.8,0.0
2025-11-07T21:50:15.007016,device-01,88,19,130,28.9,59.0,8.2,228.0,0.0
2025-11-07T21:50:18.014493,device-01,127,38,105,28.9,59.0,6.4,136.6,0.0
2025-11-07T21:50:21.027733,device-01,132,39,202,28.9,59.0,6.3,116.4,0.0
2025-11-07T21:50:24.036525,device-01,69,138,174,28.9,59.0,6.0,19.2,0.0
2025-11-07T21:50:27.045670,device-01,76,100,80,28.9,59.0,4.8,195.9,0.0
2025-11-07T21:50:30.049580,device-01,107,22,38,28.9,59.0,4.9,157.7,0.0
2025-11-07T21:50:33.061142,device-01,90,61,108,28.9,59.0,6.7,66.1,0.0
2025-11-07T21:50:36.067733,device-01,13,87,42,28.9,59.0,5.5,54.6,0.0
2025-11-07T21:50:39.076250,device-01,83,57,5,28.9,59.0,6.4,24.0,0.0
2025-11-07T21:50:42.078791,device-01,36,109,71,28.9,59.0,6.7,241.4,0.0
2025-11-07T21:50:45.084766,device-01,38,81,147,28.9,59.0,5.8,246.4,0.0
2025-11-07T21:50:48.094296,device-01,17,56,9,28.9,59.0,4.9,213.4,0.0
2025-11-07T21:50:51.105119,device-01,73,93,34,28.9,59.0,4.8,48.9,0.0
2025-11-07T21:50:54.112529,device-01,49,116,131,28.9,59.0,5.8,236.2,0.0
2025-11-07T21:50:57.116674,device-01,25,121,154,28.9,59.0,8.1,245.6,0.0
2025-11-07T21:51:00.124111,device-01,52,66,23,28.9,59.0,7.2,142.5,0.0
2025-11-07T21:51:03.137644,device-01,6,139,58,28.9,59.0,5.2,59.4,0.0
2025-11-07T21:51:06.147118,device-01,14,127,200,28.9,59.0,5.2,51.9,0.0
2025-11-07T21:51:09.159431,device-01,76,95,67,28.9,59.0,5.3,134.7,0.0
2025-11-07T21:51:12.189025,device-01,32,61,38,28.9,59.0,4.7,5.2,0.0
2025-11-07T21:51:15.201321,device-01,124,41,194,28.9,59.0,6.1,84.2,0.0
2025-11-07T21:51:18.206447,device-01,25,69,99,28.9,59.0,6.5,204.1,0.0
2025-11-07T21:51:21.217948,device-01,13,47,155,28.9,59.0,6.9,234.5,0.0
2025-11-07T21:51:24.231267,device-01,5,82,28,28.9,59.0,6.0,8.9,0.0
2025-11-07T21:51:27.238003,device-01,84,129,99,28.9,59.0,6.1,150.4,0.0
2025-11-07T21:51:30.240157,device-01,47,27,24,28.9,59.0,8.1,71.4,0.0
2025-11-07T21:51:33.248741,device-01,54,82,13,28.9,59.0,8.1,210.5,0.0
2025-11-07T21:51:36.258397,device-01,16,63,65,28.9,59.0,6.5,0.4,0.0
2025-11-07T21:51:39.274461,device-01,81,21,156,28.9,59.0,6.7,241.7,0.0
2025-11-07T21:51:42.287404,device-01,140,14,40,28.9,59.0,7.2,224.6,0.0
2025-11-07T21:51:45.301017,device-01,105,54,40,28.9,59.0,4.8,106.1,0.0
2025-11-07T21:51:48.307136,device-01,57,101,99,28.9,59.0,7.6,167.0,0.0
2025-11-07T21:51:51.314714,device-01,104,24,36,28.9,59.0,7.9,99.9,0.0
2025-11-07T21:51:54.318530,device-01,15,23,94,28.9,59.0,5.2,136.7,0.0
2025-11-07T21:51:57.329091,device-01,135,90,129,28.9,59.0,4.7,34.9,0.0
2025-11-07T21:52:00.343188,device-01,134,40,83,28.9,59.0,4.6,139.0,0.0
2025-11-07T21:52:03.349412,device-01,111,69,104,28.9,59.0,5.9,100.5,0.0
2025-11-07T21:52:06.364336,device-01,14,106,186,28.9,59.0,6.5,36.4,0.0
2025-11-07T21:52:09.382818,device-01,118,106,150,28.9,59.0,5.4,178.1,0.0
2025-11-07T21:52:12.404542,device-01,54,138,153,28.9,59.0,7.8,222.3,0.0
2025-11-07T21:52:15.411590,device-01,71,124,145,28.9,59.0,4.5,129.4,0.0
2025-11-07T21:52:18.416801,device-01,55,130,19,28.9,59.0,6.4,192.5,0.0
2025-11-07T21:52:21.423734,device-01,56,48,137,28.9,59.0,8.3,135.5,0.0
2025-11-07T21:52:24.429068,device-01,116,85,164,28.9,59.0,5.9,211.7,0.0
2025-11-07T21:52:27.442948,device-01,110,53,91,28.9,59.0,8.4,90.0,0.0
2025-11-07T21:52:30.451819,device-01,12,138,13,28.9,59.0,7.2,19.7,0.0
2025-11-07T21:52:33.462938,device-01,66,62,187,28.9,59.0,5.6,162.0,0.0
2025-11-07T21:52:36.475475,device-01,38,112,64,28.9,59.0,7.5,227.5,0.0
2025-11-07T21:52:39.492038,device-01,78,120,58,28.9,59.0,7.2,100.3,0.0
2025-11-07T21:52:42.500757,device-01,113,66,13,28.9,59.0,4.8,226.4,0.0
2025-11-07T21:52:45.510964,device-01,137,84,5,28.9,59.0,4.8,188.4,0.0
2025-11-07T21:52:48.525547,device-01,24,55,30,28.9,59.0,7.7,229.3,0.0
2025-11-07T21:52:51.530672,device-01,48,86,66,28.9,59.0,5.3,159.6,0.0
2025-11-07T21:52:54.540752,device-01,56,54,190,28.9,59.0,5.7,120.4,0.0
2025-11-07T21:52:57.545455,device-01,12,82,143,28.9,59.0,4.6,92.3,0.0
2025-11-07T21:53:00.552611,device-01,50,143,184,28.9,59.0,5.4,135.2,0.0
2025-11-07T21:53:03.560752,device-01,52,129,81,28.9,59.0,6.8,154.1,0.0
2025-11-07T21:53:06.572260,device-01,112,88,70,28.9,59.0,4.7,231.6,0.0
2025-11-07T21:53:09.604702,device-01,49,74,84,28.9,59.0,5.5,61.1,0.0
2025-11-07T21:53:12.614742,device-01,110,93,184,28.9,59.0,5.5,118.7,0.0
2025-11-07T21:53:15.627252,device-01,13,49,69,28.9,59.0,8.4,140.6,0.0
2025-11-07T21:53:18.638743,device-01,8,119,62,28.9,59.0,6.0,3.4,0.0
2025-11-07T21:53:21.644874,device-01,104,33,123,28.9,59.0,7.5,181.8,0.0
2025-11-07T21:53:24.655719,device-01,26,117,18,28.9,59.0,6.1,57.5,0.0
2025-11-07T21:53:27.661949,device-01,37,11,79,28.9,59.0,6.9,214.0,0.0
2025-11-07T21:53:30.674818,device-01,5,10,58,28.9,59.0,7.6,227.1,0.0
2025-11-07T21:53:33.688895,device-01,11,134,83,28.9,59.0,6.8,16.1,0.0
2025-11-07T21:53:36.695544,device-01,105,112,199,28.9,59.0,6.5,83.8,0.0
2025-11-07T21:53:39.713905,device-01,0,85,87,28.9,59.0,5.9,17.8,0.0
2025-11-07T21:53:42.722689,device-01,83,76,109,28.9,59.0,5.0,83.6,0.0
2025-11-07T21:53:45.733276,device-01,11,129,112,28.9,59.0,7.9,235.6,0.0
2025-11-07T21:53:48.737091,device-01,48,5,18,28.9,59.0,5.6,105.2,0.0
2025-11-07T21:53:51.757059,device-01,95,100,149,28.9,59.0,5.1,43.8,0.0
2025-11-07T21:53:54.845200,device-01,104,18,147,28.9,59.0,8.1,122.7,0.0
2025-11-07T22:03:59.109629,device-01,99,5,87,28.7,61.0,7.8,237.2,0.0
2025-11-07T22:04:02.135774,device-01,61,72,72,28.7,61.0,7.5,230.2,0.0
2025-11-07T22:04:05.150139,device-01,129,129,63,28.7,61.0,7.4,52.3,0.0
2025-11-07T22:04:08.169060,device-01,33,74,16,28.7,61.0,5.0,126.9,0.0
2025-11-07T22:04:11.178621,device-01,73,65,13,28.7,61.0,7.2,232.8,0.0
2025-11-07T22:04:14.187926,device-01,25,133,117,28.7,61.0,5.5,190.5,0.0
2025-11-07T22:04:17.196401,device-01,19,38,188,28.7,61.0,5.9,236.9,0.0
2025-11-07T22:04:20.204459,device-01,88,51,122,28.7,61.0,6.1,13.4,0.0
2025-11-07T22:04:23.206513,device-01,115,67,116,28.7,61.0,4.8,122.4,0.0
2025-11-07T22:04:26.212343,device-01,37,97,98,28.7,61.0,7.7,78.0,0.0
2025-11-07T22:04:29.219216,device-01,138,51,14,28.7,61.0,7.7,103.0,0.0
2025-11-07T22:04:32.221770,device-01,57,54,52,28.7,61.0,7.9,215.3,0.0
2025-11-07T22:04:35.233620,device-01,8,93,180,28.7,61.0,7.5,140.5,0.0
2025-11-07T22:04:38.240800,device-01,45,82,66,28.7,61.0,6.7,196.7,0.0
2025-11-07T22:04:41.249574,device-01,29,25,6,28.7,61.0,4.6,14.3,0.0
2025-11-07T22:04:44.259347,device-01,95,10,87,28.7,61.0,4.6,166.9,0.0
2025-11-07T22:04:47.276312,device-01,1,89,18,28.7,61.0,7.1,64.3,0.0
2025-11-07T22:04:50.288510,device-01,5,17,203,28.7,61.0,8.1,134.0,0.0
2025-11-07T22:04:53.296282,device-01,139,103,163,28.7,61.0,7.1,12.2,0.0
2025-11-07T22:04:56.312989,device-01,48,113,21,28.7,61.0,4.7,2.7,0.0
2025-11-07T22:04:59.329094,device-01,23,79,121,28.7,61.0,5.5,239.2,0.0
2025-11-07T22:05:02.345368,device-01,107,31,66,28.7,61.0,8.2,105.0,0.0
2025-11-07T22:05:05.356164,device-01,3,107,73,28.7,61.0,5.4,18.7,0.0
2025-11-07T22:05:08.372495,device-01,33,34,178,28.7,61.0,8.1,114.3,0.0
2025-11-07T22:05:11.380988,device-01,87,63,162,28.7,61.0,6.5,33.2,0.0
2025-11-07T22:05:14.388381,device-01,127,86,137,28.7,61.0,5.4,114.5,0.0
2025-11-07T22:05:17.391463,device-01,19,40,188,28.7,61.0,5.5,18.0,0.0
2025-11-07T22:05:20.402433,device-01,124,136,16,28.7,61.0,6.4,47.0,0.0
2025-11-07T22:05:23.424415,device-01,76,82,90,28.7,61.0,7.7,21.5,0.0
2025-11-07T22:05:26.430718,device-01,102,133,116,28.7,61.0,6.5,141.9,0.0
2025-11-07T22:05:29.438446,device-01,56,71,118,28.7,61.0,6.8,204.7,0.0
2025-11-07T22:05:32.455669,device-01,67,117,169,28.7,61.0,6.1,68.1,0.0
2025-11-07T22:05:35.471909,device-01,13,110,140,28.7,61.0,6.1,88.3,0.0
2025-11-07T22:05:38.478402,device-01,94,39,110,28.7,61.0,5.5,24.4,0.0
2025-11-07T22:05:41.494507,device-01,133,54,54,28.7,61.0,6.0,5.2,0.0
2025-11-07T22:05:44.506669,device-01,47,37,84,28.7,61.0,5.0,187.8,0.0
2025-11-07T22:05:47.520341,device-01,134,56,157,28.7,61.0,7.6,238.4,0.0
2025-11-07T22:05:50.533466,device-01,82,89,78,28.7,61.0,4.6,0.4,0.0
2025-11-07T22:05:53.537532,device-01,74,75,183,28.7,60.0,5.8,22.6,0.0
2025-11-07T22:05:56.542384,device-01,81,107,47,28.7,60.0,4.7,3.8,0.0
2025-11-07T22:05:59.556960,device-01,50,136,75,28.7,60.0,7.7,4.0,0.0
2025-11-07T22:06:02.572309,device-01,101,111,186,28.7,60.0,4.7,64.4,0.0
2025-11-07T22:06:05.581181,device-01,36,14,138,28.7,60.0,7.6,234.8,0.0
2025-11-07T22:06:08.596123,device-01,113,13,132,28.7,60.0,7.9,170.0,0.0
2025-11-07T22:06:11.623212,device-01,85,28,149,28.7,60.0,5.6,84.2,0.0
2025-11-07T22:06:14.626119,device-01,45,38,67,28.7,61.0,4.9,128.4,0.0
2025-11-07T22:06:17.642827,device-01,117,108,191,28.7,61.0,6.5,27.1,0.0
2025-11-07T22:06:20.651122,device-01,39,56,71,28.7,61.0,8.1,184.2,0.0
2025-11-07T22:06:23.661277,device-01,67,53,169,28.7,61.0,6.3,120.8,0.0
2025-11-07T22:06:26.669481,device-01,65,82,167,28.7,61.0,8.0,64.7,0.0
2025-11-07T22:06:29.683761,device-01,73,60,13,28.7,61.0,8.4,248.3,0.0
2025-11-07T22:06:32.697236,device-01,92,141,144,28.7,61.0,5.1,186.6,0.0
2025-11-07T22:06:35.710605,device-01,135,125,18,28.7,61.0,7.8,159.7,0.0
2025-11-07T22:06:38.725529,device-01,109,48,64,28.7,61.0,7.0,101.3,0.0
2025-11-07T22:06:41.731944,device-01,2,97,50,28.7,61.0,8.2,35.0,0.0
2025-11-07T22:06:44.736292,device-01,137,106,164,28.7,61.0,6.5,47.1,0.0
2025-11-07T22:06:47.742581,device-01,105,122,20,28.7,61.0,7.2,183.1,0.0
2025-11-07T22:06:50.754106,device-01,40,70,11,28.7,61.0,7.4,104.5,0.0
2025-11-07T22:06:53.806772,device-01,126,92,137,28.7,61.0,6.9,104.8,0.0
2025-11-07T22:06:56.813181,device-01,105,27,82,28.7,61.0,5.5,107.4,0.0
2025-11-07T22:06:59.870128,device-01,69,127,114,28.7,61.0,6.6,128.7,0.0
2025-11-07T22:07:02.877436,device-01,120,16,154,28.7,61.0,8.2,65.1,0.0
2025-11-07T22:07:05.895228,device-01,77,30,121,28.7,61.0,5.1,216.9,0.0
2025-11-07T22:07:08.974279,device-01,30,26,186,28.7,61.0,7.3,90.2,0.0
2025-11-07T22:07:11.984553,device-01,93,120,148,28.7,61.0,6.6,12.6,0.0
2025-11-07T22:07:15.002632,device-01,14,62,127,28.7,60.0,5.7,87.5,0.0
2025-11-07T22:07:18.013893,device-01,7,53,174,28.7,60.0,5.7,92.9,0.0
2025-11-07T22:07:21.023676,device-01,33,12,73,28.7,60.0,7.6,214.7,0.0
2025-11-07T22:07:24.038891,device-01,65,117,49,28.7,60.0,6.1,199.5,0.0
2025-11-07T22:07:27.044570,device-01,29,97,148,28.7,60.0,6.0,29.5,0.0
2025-11-07T22:07:30.053883,device-01,26,100,27,28.7,60.0,8.2,124.5,0.0
2025-11-07T22:07:33.068484,device-01,68,115,66,28.7,60.0,5.3,117.5,0.0
2025-11-07T22:07:36.078892,device-01,50,23,109,28.7,60.0,5.8,144.0,0.0
2025-11-07T22:07:39.085201,device-01,98,35,111,28.7,60.0,5.4,157.1,0.0
2025-11-07T22:07:42.097278,device-01,99,44,28,28.7,60.0,5.8,124.6,0.0
2025-11-07T22:07:45.109194,device-01,35,12,188,28.7,60.0,5.8,20.7,0.0
2025-11-07T22:07:48.121300,device-01,95,138,70,28.7,60.0,5.0,188.1,0.0
2025-11-07T22:07:51.134928,device-01,59,18,75,28.7,60.0,6.9,88.7,0.0
2025-11-07T22:07:54.148576,device-01,105,125,193,28.7,60.0,5.3,68.7,0.0
2025-11-07T22:07:57.161056,device-01,77,96,61,28.7,60.0,4.5,237.3,0.0
2025-11-07T22:08:00.169079,device-01,36,75,163,28.7,60.0,6.4,236.0,0.0
2025-11-07T22:08:03.172672,device-01,55,82,127,28.7,60.0,5.5,71.9,0.0
2025-11-07T22:08:06.180504,device-01,25,26,198,28.7,60.0,6.9,136.6,0.0
2025-11-07T22:08:09.192301,device-01,129,115,60,28.7,60.0,5.6,29.9,0.0
2025-11-07T22:08:12.209112,device-01,135,77,15,28.7,60.0,7.3,128.7,0.0
2025-11-07T22:08:15.218741,device-01,112,101,104,28.7,60.0,6.2,25.6,0.0
2025-11-07T22:08:18.232115,device-01,90,7,43,28.7,60.0,4.7,208.4,0.0
2025-11-07T22:08:21.248143,device-01,57,110,33,28.7,60.0,7.2,66.3,0.0
2025-11-07T22:08:24.251655,device-01,102,145,102,28.7,60.0,6.4,123.0,0.0
2025-11-07T22:08:27.259695,device-01,111,71,151,28.7,60.0,4.6,115.3,0.0
2025-11-07T22:08:30.272753,device-01,104,132,88,28.7,60.0,7.0,9.3,0.0
2025-11-07T22:08:33.282867,device-01,32,122,107,28.7,60.0,7.1,212.9,0.0
2025-11-07T22:08:36.298032,device-01,115,21,29,28.7,60.0,6.7,132.8,0.0
2025-11-07T22:08:39.312145,device-01,128,36,22,28.7,61.0,6.1,226.0,0.0
2025-11-07T22:08:42.315324,device-01,52,76,63,28.7,61.0,8.3,21.4,0.0
2025-11-07T22:08:45.325678,device-01,131,39,50,28.7,61.0,6.4,140.3,0.0
2025-11-07T22:08:48.329182,device-01,27,95,77,28.7,61.0,7.9,168.1,0.0
2025-11-07T22:08:51.333418,device-01,22,65,138,28.8,61.0,7.4,134.2,0.0
2025-11-07T22:08:54.343483,device-01,58,77,140,28.8,61.0,5.0,245.8,0.0
2025-11-07T22:08:57.350188,device-01,135,67,186,28.8,61.0,5.1,51.0,0.0
2025-11-07T22:09:00.362115,device-01,17,87,28,28.8,61.0,5.4,68.4,0.0
2025-11-07T22:09:03.367410,device-01,110,48,143,28.8,61.0,5.7,240.1,0.0
2025-11-07T22:09:06.379391,device-01,122,40,113,28.8,61.0,7.0,184.4,0.0
2025-11-07T22:09:09.394056,device-01,35,88,137,28.8,61.0,7.6,196.1,0.0
2025-11-07T22:09:12.408268,device-01,47,140,85,28.8,60.0,4.6,120.6,0.0
2025-11-07T22:09:15.423526,device-01,139,62,12,28.8,60.0,7.8,88.3,0.0
2025-11-07T22:09:18.431783,device-01,65,144,171,28.8,60.0,5.9,128.1,0.0
2025-11-07T22:09:21.441032,device-01,76,31,177,28.8,60.0,7.1,40.9,0.0
2025-11-07T22:09:24.448116,device-01,41,83,101,28.8,60.0,5.7,237.6,0.0
2025-11-07T22:09:27.456026,device-01,104,120,186,28.8,60.0,5.1,32.2,0.0
2025-11-07T22:09:30.469476,device-01,89,60,95,28.8,60.0,5.7,231.6,0.0
2025-11-07T22:09:33.472263,device-01,79,21,17,28.8,60.0,6.1,70.5,0.0
2025-11-07T22:09:36.483930,device-01,7,39,107,28.8,60.0,5.2,47.9,0.0
2025-11-07T22:09:39.496810,device-01,42,133,36,28.8,60.0,8.4,53.3,0.0
2025-11-07T22:09:42.512916,device-01,27,24,132,28.8,60.0,8.1,181.9,0.0
2025-11-07T22:09:45.523437,device-01,31,128,108,28.8,60.0,7.2,200.2,0.0
2025-11-07T22:09:48.525478,device-01,128,7,197,28.8,60.0,5.9,55.3,0.0
2025-11-07T22:09:51.526482,device-01,64,30,43,28.8,60.0,5.6,22.2,0.0
2025-11-07T22:09:54.537706,device-01,123,117,154,28.8,60.0,5.7,117.5,0.0
2025-11-07T22:09:57.552769,device-01,75,60,45,28.8,60.0,8.5,145.2,0.0
2025-11-07T22:10:00.562840,device-01,111,97,205,28.8,60.0,8.3,8.6,0.0
2025-11-07T22:10:03.569312,device-01,83,102,204,28.8,60.0,8.2,238.9,0.0
2025-11-07T22:10:06.583275,device-01,136,84,27,28.8,60.0,6.1,243.2,0.0
2025-11-07T22:10:09.589539,device-01,98,109,151,28.8,60.0,5.5,234.3,0.0
2025-11-07T22:10:12.598011,device-01,84,121,199,28.8,60.0,7.7,166.8,0.0
2025-11-07T22:10:15.600045,device-01,17,95,155,28.8,60.0,5.4,79.0,0.0
2025-11-07T22:10:18.607934,device-01,13,9,93,28.8,60.0,4.8,160.7,0.0
2025-11-07T22:10:21.614580,device-01,13,77,37,28.8,60.0,5.6,200.6,0.0
2025-11-07T22:10:24.619569,device-01,67,79,106,28.8,60.0,5.3,74.2,0.0
2025-11-07T22:10:27.630769,device-01,114,118,136,28.8,60.0,5.2,225.8,0.0
2025-11-07T22:10:30.643572,device-01,22,38,181,28.8,60.0,6.4,23.5,0.0
2025-11-07T22:10:33.651547,device-01,120,130,54,28.8,60.0,5.5,24.6,0.0
2025-11-07T22:10:36.667961,device-01,121,52,124,28.8,60.0,7.9,40.7,0.0
2025-11-07T22:10:39.670182,device-01,113,36,79,28.8,60.0,5.7,203.9,0.0
2025-11-07T22:10:42.678508,device-01,44,103,63,28.8,60.0,7.6,87.9,0.0
2025-11-07T22:10:45.682744,device-01,78,127,113,28.8,60.0,7.8,39.4,0.0
2025-11-07T22:10:48.686406,device-01,62,107,7,28.8,60.0,6.8,231.3,0.0
2025-11-07T22:10:51.695825,device-01,51,27,92,28.8,60.0,7.1,208.3,0.0
2025-11-07T22:10:54.713092,device-01,93,121,125,28.8,60.0,8.4,10.1,0.0
2025-11-07T22:10:57.723996,device-01,12,137,73,28.8,60.0,6.7,96.6,0.0
2025-11-07T22:11:00.738066,device-01,34,116,78,28.8,60.0,4.8,82.2,0.0
2025-11-07T22:11:03.747485,device-01,14,37,22,28.8,60.0,5.2,152.0,0.0
2025-11-07T22:11:06.750421,device-01,17,13,130,28.8,60.0,7.9,79.9,0.0
2025-11-07T22:11:09.755558,device-01,11,130,154,28.8,60.0,7.4,187.2,0.0
2025-11-07T22:11:12.759215,device-01,40,144,40,28.8,60.0,4.7,123.8,0.0
2025-11-07T22:11:15.774354,device-01,116,144,197,28.8,60.0,6.3,246.6,0.0
2025-11-07T22:11:18.784157,device-01,113,65,183,28.8,60.0,6.1,62.4,0.0
2025-11-07T22:11:21.796059,device-01,113,93,33,28.8,60.0,7.2,42.5,0.0
2025-11-07T22:11:24.807046,device-01,38,54,22,28.8,60.0,6.6,154.5,0.0
2025-11-07T22:11:27.824321,device-01,29,138,43,28.8,60.0,8.2,103.1,0.0
2025-11-07T22:11:30.833328,device-01,33,51,180,28.8,60.0,6.9,123.9,0.0
2025-11-07T22:11:33.842486,device-01,54,100,79,28.8,60.0,8.5,1.4,0.0
2025-11-07T22:11:36.845868,device-01,100,117,143,28.8,60.0,5.9,104.8,0.0
2025-11-07T22:11:39.850262,device-01,33,24,195,28.8,60.0,6.3,242.9,0.0
2025-11-07T22:11:42.863827,device-01,12,16,49,28.8,60.0,5.8,215.4,0.0
2025-11-07T22:11:45.872519,device-01,88,145,139,28.8,60.0,7.2,70.4,0.0
2025-11-07T22:11:48.876356,device-01,15,145,104,28.8,60.0,7.6,96.7,0.0
2025-11-07T22:11:51.888698,device-01,102,91,118,28.8,60.0,7.5,236.0,0.0
2025-11-07T22:11:54.902605,device-01,2,139,117,28.8,60.0,6.7,193.3,0.0
2025-11-07T22:11:57.906627,device-01,100,25,76,28.8,60.0,7.5,206.9,0.0
2025-11-07T22:12:00.911265,device-01,17,122,57,28.8,60.0,6.8,120.0,0.0
2025-11-07T22:12:03.922166,device-01,36,56,153,28.8,60.0,8.3,43.9,0.0
2025-11-07T22:12:06.934188,device-01,4,142,74,28.8,60.0,5.5,85.4,0.0
2025-11-07T22:12:09.945821,device-01,20,20,22,28.8,60.0,6.4,117.5,0.0
2025-11-07T22:12:12.955236,device-01,103,15,111,28.8,60.0,7.6,177.1,0.0
2025-11-07T22:12:15.970235,device-01,104,12,109,28.8,60.0,8.1,147.5,0.0
2025-11-07T22:12:18.975952,device-01,138,55,176,28.8,60.0,7.1,163.5,0.0
2025-11-07T22:12:21.987301,device-01,137,127,176,28.8,60.0,8.2,187.5,0.0
2025-11-07T22:12:24.991435,device-01,24,45,181,28.8,60.0,7.0,37.2,0.0
2025-11-07T22:12:28.008605,device-01,127,57,129,28.8,60.0,7.5,214.0,0.0
2025-11-07T22:12:31.014102,device-01,107,100,198,28.8,60.0,4.7,219.3,0.0
2025-11-07T22:12:34.027676,device-01,120,94,31,28.8,60.0,7.8,98.1,0.0
2025-11-07T22:12:37.038154,device-01,93,122,170,28.8,60.0,8.2,73.8,0.0
2025-11-07T22:12:40.044687,device-01,104,123,114,28.8,60.0,8.1,238.7,0.0
2025-11-07T22:12:43.049231,device-01,96,56,113,28.8,60.0,7.7,110.5,0.0
2025-11-07T22:12:46.062653,device-01,102,27,188,28.8,60.0,7.7,185.5,0.0
2025-11-07T22:12:49.067476,device-01,23,98,88,28.8,60.0,5.9,166.4,0.0
2025-11-07T22:12:52.077309,device-01,130,54,116,28.8,60.0,8.2,23.2,0.0
2025-11-07T22:12:55.084294,device-01,94,84,182,28.8,60.0,6.8,110.9,0.0
2025-11-07T22:12:58.091856,device-01,90,135,11,28.8,60.0,4.7,161.1,0.0
2025-11-07T22:13:01.102865,device-01,112,48,179,28.8,60.0,7.0,152.4,0.0
2025-11-07T22:13:04.115155,device-01,18,70,115,28.8,60.0,6.2,184.4,0.0
2025-11-07T22:13:07.130986,device-01,98,92,7,28.8,60.0,4.6,34.1,0.0
2025-11-07T22:13:10.138671,device-01,138,35,10,28.8,60.0,5.8,147.5,0.0
2025-11-07T22:13:13.141473,device-01,50,87,66,28.8,60.0,4.9,1.2,0.0
2025-11-07T22:13:16.158333,device-01,98,115,90,28.8,60.0,6.3,227.4,0.0
2025-11-07T22:13:19.161563,device-01,105,82,44,28.8,60.0,5.3,135.5,0.0
2025-11-07T22:13:22.173742,device-01,105,78,63,28.8,60.0,8.1,102.0,0.0
2025-11-07T22:13:25.182508,device-01,56,88,5,28.8,60.0,7.1,141.4,0.0
2025-11-07T22:13:28.197824,device-01,49,25,164,28.8,60.0,7.5,204.4,0.0
2025-11-07T22:13:31.201217,device-01,116,77,49,28.8,60.0,5.2,175.1,0.0
2025-11-07T22:13:34.208448,device-01,53,77,174,28.8,60.0,6.4,125.7,0.0
2025-11-07T22:13:37.215144,device-01,88,24,115,28.8,60.0,7.8,193.2,0.0
2025-11-07T22:13:40.226643,device-01,105,114,193,28.8,60.0,5.9,243.8,0.0
2025-11-07T22:13:43.236199,device-01,35,13,99,28.8,60.0,7.2,246.1,0.0
2025-11-07T22:13:46.242659,device-01,63,50,93,28.8,60.0,6.4,208.7,0.0
2025-11-07T22:13:49.253887,device-01,9,33,187,28.8,60.0,6.7,2.1,0.0
2025-11-07T22:13:52.270703,device-01,91,51,131,28.8,60.0,7.1,248.2,0.0
2025-11-07T22:13:55.281543,device-01,113,131,113,28.8,60.0,7.4,231.4,0.0
2025-11-07T22:13:58.290589,device-01,7,145,105,28.8,60.0,7.2,116.5,0.0
2025-11-07T22:14:01.304281,device-01,43,114,134,28.8,60.0,8.3,126.1,0.0
2025-11-07T22:14:04.317819,device-01,78,94,155,28.8,60.0,7.4,192.6,0.0
2025-11-07T22:14:07.334163,device-01,36,126,95,28.8,60.0,5.4,120.4,0.0
2025-11-07T22:14:10.347678,device-01,105,66,22,28.8,60.0,5.6,4.3,0.0
2025-11-07T22:14:13.359426,device-01,102,55,157,28.8,60.0,6.9,241.0,0.0
2025-11-07T22:14:16.374786,device-01,119,99,146,28.8,60.0,6.8,55.8,0.0
2025-11-07T22:14:19.392114,device-01,24,17,189,28.8,60.0,7.9,29.0,0.0
2025-11-07T22:14:22.406207,device-01,110,97,108,28.8,60.0,7.3,24.2,0.0
2025-11-07T22:14:25.409272,device-01,30,107,164,28.8,60.0,4.7,191.0,0.0
2025-11-07T22:14:28.425515,device-01,116,126,105,28.8,60.0,8.4,50.5,0.0
2025-11-07T22:14:31.428654,device-01,125,140,129,28.8,60.0,8.4,140.8,0.0
2025-11-07T22:14:34.443008,device-01,0,47,141,28.8,60.0,7.3,231.0,0.0
2025-11-07T22:14:37.457548,device-01,113,47,16,28.8,60.0,8.4,10.8,0.0
2025-11-07T22:14:40.467287,device-01,31,75,125,28.8,60.0,7.8,236.6,0.0
2025-11-07T22:14:43.482008,device-01,128,142,204,28.8,60.0,7.4,61.4,0.0
2025-11-07T22:14:46.489876,device-01,127,62,35,28.8,60.0,4.9,187.9,0.0
2025-11-07T22:14:49.499797,device-01,58,85,179,28.8,60.0,8.3,155.6,0.0
2025-11-07T22:14:52.514522,device-01,112,78,172,28.8,60.0,6.9,56.3,0.0
2025-11-07T22:14:55.516398,device-01,124,118,119,28.8,60.0,6.9,198.8,0.0
2025-11-07T22:14:58.520198,device-01,52,67,156,28.8,60.0,5.0,163.7,0.0
2025-11-07T22:15:01.531358,device-01,137,14,186,28.8,60.0,7.2,237.1,0.0
2025-11-07T22:15:04.547677,device-01,2,110,10,28.8,60.0,4.8,99.0,0.0
2025-11-07T22:15:07.551785,device-01,27,122,26,28.8,60.0,4.7,90.0,0.0
2025-11-07T22:15:10.556589,device-01,107,29,103,28.8,60.0,8.5,154.8,0.0
2025-11-07T22:15:13.563283,device-01,3,14,158,28.8,60.0,4.9,242.8,0.0
2025-11-07T22:15:16.580735,device-01,94,139,168,28.8,60.0,5.1,206.4,0.0
2025-11-07T22:15:19.596193,device-01,88,66,25,28.8,60.0,5.0,50.6,0.0
2025-11-07T22:15:22.603678,device-01,17,95,128,28.8,60.0,7.0,201.4,0.0
2025-11-07T22:15:25.618319,device-01,135,97,67,28.8,60.0,6.6,68.9,0.0
2025-11-07T22:15:28.629691,device-01,62,54,52,28.8,60.0,4.8,17.6,0.0
2025-11-07T22:15:31.632996,device-01,111,52,77,28.8,60.0,7.6,34.8,0.0
2025-11-07T22:15:34.640584,device-01,8,125,37,28.8,60.0,6.7,129.4,0.0
2025-11-07T22:15:37.656496,device-01,66,94,59,28.8,60.0,8.3,214.6,0.0
2025-11-07T22:15:40.666768,device-01,119,114,161,28.8,60.0,7.3,162.4,0.0
2025-11-07T22:15:43.678668,device-01,102,134,145,28.8,60.0,5.4,48.5,0.0
2025-11-07T22:15:46.689732,device-01,44,122,12,28.8,60.0,5.5,18.3,0.0
2025-11-07T22:15:49.702715,device-01,51,129,159,28.8,60.0,7.3,54.0,0.0
2025-11-07T22:15:52.711071,device-01,23,72,147,28.8,60.0,5.1,175.2,0.0
2025-11-07T22:15:55.727245,device-01,86,41,76,28.8,60.0,5.8,185.3,0.0
2025-11-07T22:15:58.737762,device-01,138,29,114,28.8,60.0,4.6,217.9,0.0
2025-11-07T22:16:01.749016,device-01,101,50,79,28.8,60.0,5.5,7.4,0.0
2025-11-07T22:16:04.760018,device-01,105,95,42,28.8,60.0,8.5,158.8,0.0
2025-11-07T22:16:07.774727,device-01,121,105,194,28.8,60.0,6.5,76.0,0.0
2025-11-07T22:16:10.790767,device-01,101,77,161,28.8,61.0,5.2,9.2,0.0
2025-11-07T22:16:13.795609,device-01,76,33,166,28.8,61.0,5.7,58.1,0.0
2025-11-07T22:16:16.820274,device-01,105,127,165,28.8,61.0,5.2,10.8,0.0
2025-11-07T22:16:19.832965,device-01,27,81,78,28.8,61.0,8.3,208.5,0.0
2025-11-07T22:16:22.843666,device-01,87,6,51,28.8,61.0,5.9,49.8,0.0
2025-11-07T22:16:25.847529,device-01,51,102,91,28.8,61.0,5.0,218.6,0.0
2025-11-07T22:16:28.850740,device-01,42,27,46,28.8,61.0,6.6,170.0,0.0
2025-11-07T22:16:31.854090,device-01,97,97,31,28.8,61.0,5.7,145.0,0.0
2025-11-07T22:16:34.871628,device-01,110,22,129,28.8,61.0,8.3,192.6,0.0
2025-11-07T22:16:37.884777,device-01,107,51,201,28.8,61.0,5.6,61.8,0.0
2025-11-07T22:16:40.892988,device-01,66,54,174,28.8,61.0,6.1,27.0,0.0
2025-11-07T22:16:43.900091,device-01,125,111,170,28.8,61.0,8.0,74.0,0.0
2025-11-07T22:16:46.903064,device-01,119,117,77,28.8,61.0,7.5,162.2,0.0
2025-11-07T22:16:49.914680,device-01,78,85,107,28.8,60.0,8.1,206.3,0.0
2025-11-07T22:16:52.927144,device-01,60,12,102,28.8,60.0,7.5,5.6,0.0
2025-11-07T22:16:55.929884,device-01,41,44,171,28.8,60.0,4.9,16.5,0.0
2025-11-07T22:16:58.937589,device-01,108,133,70,28.8,60.0,4.9,156.4,0.0
2025-11-07T22:17:01.945422,device-01,3,84,123,28.8,60.0,5.8,1.2,0.0
2025-11-07T22:17:04.958280,device-01,52,72,194,28.8,60.0,7.1,224.2,0.0
2025-11-07T22:17:07.974441,device-01,120,41,189,28.8,60.0,5.3,35.3,0.0
2025-11-07T22:17:10.988204,device-01,134,104,38,28.8,60.0,8.0,132.8,0.0
2025-11-07T22:17:14.000325,device-01,90,129,92,28.8,60.0,4.7,146.4,0.0
2025-11-07T22:17:17.014315,device-01,133,37,183,28.8,60.0,6.9,56.8,0.0
2025-11-07T22:17:20.026454,device-01,99,51,86,28.8,60.0,4.7,52.2,0.0
2025-11-07T22:17:23.042379,device-01,104,73,50,28.8,60.0,8.3,6.3,0.0
2025-11-07T22:17:26.053844,device-01,7,112,192,28.8,60.0,6.3,117.1,0.0
2025-11-07T22:17:29.071765,device-01,128,134,72,28.8,60.0,8.3,52.3,0.0
2025-11-07T22:17:32.073660,device-01,115,95,89,28.8,60.0,6.9,177.4,0.0
2025-11-07T22:17:35.080551,device-01,15,64,131,28.8,60.0,5.9,182.4,0.0
2025-11-07T22:17:38.094736,device-01,100,129,106,28.8,60.0,6.7,210.0,0.0
2025-11-07T22:17:41.110393,device-01,81,43,193,28.8,60.0,7.2,15.9,0.0
2025-11-07T22:17:44.128189,device-01,78,33,53,28.8,60.0,5.5,148.6,0.0
2025-11-07T22:17:47.154409,device-01,46,106,179,28.8,60.0,6.0,219.2,0.0
2025-11-07T22:17:50.164572,device-01,116,46,66,28.8,60.0,6.7,66.9,0.0
2025-11-07T22:17:53.170891,device-01,39,67,48,28.8,60.0,6.4,70.1,0.0
2025-11-07T22:17:56.184848,device-01,104,10,78,28.8,60.0,5.2,118.9,0.0
2025-11-07T22:17:59.205096,device-01,15,35,102,28.8,60.0,4.9,185.4,0.0
2025-11-07T22:18:02.216361,device-01,67,7,155,28.8,60.0,4.5,23.8,0.0
2025-11-07T22:18:05.219795,device-01,86,102,77,28.8,60.0,7.4,32.9,0.0
2025-11-07T22:18:08.230872,device-01,78,70,167,28.8,60.0,6.3,220.5,0.0
2025-11-07T22:18:11.241253,device-01,132,88,102,28.8,61.0,7.2,190.5,0.0
2025-11-07T22:18:14.254873,device-01,101,29,202,28.8,61.0,5.1,12.5,0.0
2025-11-07T22:18:17.269564,device-01,89,8,146,28.8,61.0,8.4,44.0,0.0
2025-11-07T22:18:20.272424,device-01,91,109,71,28.8,61.0,6.5,30.6,0.0
2025-11-07T22:18:23.276323,device-01,9,54,146,28.8,61.0,8.1,69.0,0.0
2025-11-07T22:18:26.292887,device-01,87,112,172,28.8,61.0,4.6,75.4,0.0
2025-11-07T22:18:29.309846,device-01,127,13,39,28.8,61.0,8.4,228.1,0.0
2025-11-07T22:18:32.330345,device-01,52,18,105,28.8,61.0,5.5,159.3,0.0
2025-11-07T22:18:35.347437,device-01,41,41,102,28.8,61.0,6.8,44.7,0.0
2025-11-07T22:18:38.352459,device-01,137,125,110,28.8,61.0,6.5,196.6,0.0
2025-11-07T22:18:41.357121,device-01,70,87,13,28.8,61.0,7.9,12.6,0.0
2025-11-07T22:18:44.372703,device-01,41,31,193,28.8,61.0,7.1,146.8,0.0
2025-11-07T22:18:47.387051,device-01,27,30,8,28.8,61.0,8.4,175.5,0.0
2025-11-07T22:18:50.392947,device-01,55,102,34,28.8,61.0,8.3,40.8,0.0
2025-11-07T22:18:53.407417,device-01,92,115,147,28.8,61.0,5.8,108.0,0.0
2025-11-07T22:18:56.425070,device-01,91,46,128,28.8,61.0,6.5,170.4,0.0
2025-11-07T22:18:59.435736,device-01,39,6,35,28.8,61.0,6.9,85.2,0.0
2025-11-07T22:19:02.441025,device-01,66,35,155,28.8,61.0,6.7,94.1,0.0
2025-11-07T22:19:05.458454,device-01,132,135,136,28.8,61.0,5.9,96.5,0.0
2025-11-07T22:19:08.466842,device-01,74,124,74,28.9,61.0,7.4,82.4,0.0
2025-11-07T22:19:11.470634,device-01,49,20,26,28.9,61.0,7.7,32.1,0.0
2025-11-07T22:19:14.472895,device-01,9,113,54,28.9,61.0,6.3,120.7,0.0
2025-11-07T22:19:17.484422,device-01,39,38,138,28.9,61.0,5.8,31.0,0.0
2025-11-07T22:19:20.500673,device-01,89,38,66,28.9,61.0,7.2,200.3,0.0
2025-11-07T22:19:23.507184,device-01,95,98,100,28.9,61.0,4.7,233.0,0.0
2025-11-07T22:19:26.512634,device-01,20,47,175,28.9,61.0,8.4,111.5,0.0
2025-11-07T22:19:29.518481,device-01,130,137,124,28.9,61.0,7.2,236.0,0.0
2025-11-07T22:19:32.524353,device-01,112,66,17,28.9,61.0,4.8,214.6,0.0
2025-11-07T22:19:35.527909,device-01,48,102,105,28.9,61.0,7.6,176.5,0.0
2025-11-07T22:19:38.543866,device-01,6,69,73,28.9,61.0,5.6,105.9,0.0
2025-11-07T22:19:41.557828,device-01,92,77,102,28.9,61.0,7.6,32.5,0.0
2025-11-07T22:19:44.575273,device-01,121,132,136,28.9,61.0,8.1,82.3,0.0
2025-11-07T22:19:47.592807,device-01,93,102,172,28.9,61.0,6.5,60.5,0.0
2025-11-07T22:19:50.600130,device-01,55,71,29,28.9,61.0,6.9,221.6,0.0
2025-11-07T22:19:53.605377,device-01,30,86,125,28.9,61.0,4.9,185.4,0.0
2025-11-07T22:19:56.610924,device-01,51,139,127,28.9,61.0,4.7,174.2,0.0
2025-11-07T22:19:59.621837,device-01,5,94,186,28.9,61.0,5.4,86.7,0.0
2025-11-07T22:20:02.626036,device-01,84,119,71,28.9,61.0,6.7,208.8,0.0
2025-11-07T22:20:05.630893,device-01,128,53,185,28.9,61.0,6.1,173.3,0.0
2025-11-07T22:20:08.644766,device-01,24,109,153,28.9,61.0,7.1,197.5,0.0
2025-11-07T22:20:11.649465,device-01,100,39,177,28.9,61.0,8.0,59.9,0.0
2025-11-07T22:20:14.662130,device-01,4,67,30,28.9,61.0,5.0,117.6,0.0
2025-11-07T22:20:17.668310,device-01,49,33,68,28.9,61.0,5.5,33.8,0.0
2025-11-07T22:20:20.685916,device-01,65,114,21,28.9,61.0,6.6,43.2,0.0
2025-11-07T22:20:23.699346,device-01,118,86,59,28.9,61.0,4.7,85.5,0.0
2025-11-07T22:20:26.713114,device-01,22,141,50,28.9,61.0,4.5,82.6,0.0
2025-11-07T22:20:29.722926,device-01,127,100,40,28.9,61.0,7.4,187.9,0.0
2025-11-07T22:20:32.736138,device-01,84,73,71,28.8,61.0,5.8,222.5,0.0
2025-11-07T22:20:35.751422,device-01,84,143,49,28.8,60.0,7.1,42.6,0.0
2025-11-07T22:20:38.761892,device-01,83,110,102,28.8,60.0,6.2,58.1,0.0
2025-11-07T22:20:41.778500,device-01,106,43,14,28.8,60.0,7.1,60.4,0.0
2025-11-07T22:20:44.790244,device-01,11,46,85,28.8,61.0,5.1,116.3,0.0
2025-11-07T22:20:47.806708,device-01,16,119,73,28.8,61.0,6.1,240.1,0.0
2025-11-07T22:20:50.815244,device-01,112,78,172,28.8,61.0,6.0,140.8,0.0
2025-11-07T22:20:53.832426,device-01,107,119,49,28.8,61.0,6.1,102.3,0.0
2025-11-07T22:20:56.850096,device-01,59,28,64,28.8,61.0,5.9,243.7,0.0
2025-11-07T22:20:59.857712,device-01,79,32,125,28.8,61.0,5.4,79.8,0.0
2025-11-07T22:21:02.864281,device-01,50,145,54,28.8,61.0,7.6,74.7,0.0
2025-11-07T22:21:05.867747,device-01,99,125,76,28.8,61.0,7.3,123.4,0.0
2025-11-07T22:21:08.881594,device-01,67,52,65,28.8,61.0,5.6,244.3,0.0
2025-11-07T22:21:11.891701,device-01,36,113,68,28.8,61.0,5.4,159.9,0.0
2025-11-07T22:21:14.896778,device-01,85,47,138,28.8,61.0,5.0,179.1,0.0
2025-11-07T22:21:17.910700,device-01,6,65,88,28.8,61.0,7.1,8.2,0.0
2025-11-07T22:21:20.915228,device-01,13,66,94,28.8,61.0,5.8,117.6,0.0
2025-11-07T22:21:23.923516,device-01,105,58,93,28.8,61.0,5.1,160.1,0.0
2025-11-07T22:21:26.931486,device-01,12,23,202,28.8,61.0,5.5,56.7,0.0
2025-11-07T22:21:29.934507,device-01,118,124,193,28.8,61.0,6.4,131.3,0.0
2025-11-07T22:21:32.941763,device-01,89,121,191,28.8,61.0,8.0,157.4,0.0
2025-11-07T22:21:35.946090,device-01,24,49,13,28.8,61.0,7.6,92.2,0.0
2025-11-07T22:21:38.961540,device-01,132,99,15,28.8,61.0,7.2,183.1,0.0
2025-11-07T22:21:41.968469,device-01,140,118,119,28.8,61.0,5.2,214.4,0.0
2025-11-07T22:21:44.979095,device-01,57,103,69,28.8,61.0,5.2,104.8,0.0
2025-11-07T22:21:47.988977,device-01,75,6,56,28.8,61.0,8.5,31.6,0.0
2025-11-07T22:21:51.002180,device-01,59,36,18,28.8,61.0,5.5,191.1,0.0
2025-11-07T22:21:54.017557,device-01,15,55,26,28.8,61.0,8.0,210.5,0.0
2025-11-07T22:21:57.024808,device-01,54,47,136,28.8,61.0,6.8,134.0,0.0
2025-11-07T22:29:32.309660,device-01,94,73,157,28.8,61.0,5.7,22.4,0.0
2025-11-07T22:29:35.333772,device-01,137,140,162,28.8,61.0,5.4,41.7,0.0
